Workbook

Sheet Rozpočet - průběžný stav
A1: Klíč | B1: Skupina | C1: Kategorie | D1: Ověření | E1: Položka | F1: Datum evidence | G1: Datum zaúčtování | H1: Účet | I1: Příjem | J1: Výdaj | K1: Obrat | L1: Záloha | M1: Převod | N1: Bilance | O1: Rok | P1: Poznámka | Q1: TJ účet | R1: Air účet | S1: Fio účet | T1: Hotovost 2 | U1: Hotovost 3 | V1: Kontrolní součet | W1: stav | X1: datum stavu | Y1: datum účet TJ | Z1: datum účet Air | AA1: datum účet Fio
A2: =O2&"_"&B2&"_"&C2 -> 2017_Převody_Převod z 2016 | B2: Převody | C2: Převod z 2016 | E2: Počáteční stav 2017 | F2: 42736 | I2: 99427 | K2: =I2-J2 -> 99427 | N2: =I2-J2 -> 99427 | O2: 2017 | P2: bez vlivu | Q2: 64352 | R2: 0 | S2: 0 | T2: 34075 | V2: =IF(ISBLANK(Q2),"",SUM(Q2:U2)-N2) -> -1000
A3: =O3&"_"&B3&"_"&C3 -> 2017_Běžný provoz_Příspěvky ČSK | B3: Běžný provoz | C3: Příspěvky ČSK | E3: Příspěvky ČSK | F3: 42786 | J3: 1420 | K3: =I3-J3 -> -1420 | N3: =N2+I3-J3 -> 98007 | O3: 2017 | P3: bez vlivu | V3: =IF(ISBLANK(Q3),"",SUM(Q3:U3)-N3)
A4: =O4&"_"&B4&"_"&C4 -> 2017_Běžný provoz_Příspěvky | B4: Běžný provoz | C4: Příspěvky | E4: Vybrané příspěvky na VH | F4: 42787 | I4: 11750 | K4: =I4-J4 -> 11750 | N4: =N3+I4-J4 -> 109757 | O4: 2017 | P4: y 2017 | Q4: =Q2 -> 64352 | S4: 11750 | T4: 32655 | V4: =IF(ISBLANK(Q4),"",SUM(Q4:U4)-N4) -> -1000
A5: =O5&"_"&B5&"_"&C5 -> 2017_Hamerák-akce_Hamerák materiál | B5: Hamerák-akce | C5: Hamerák materiál | E5: Záloha - Jáchym Kopřiva | F5: 42787 | K5: =I5-J5 -> 0 | L5: 3000 | N5: =N4+I5-J5 -> 109757 | O5: 2017 | P5: bez vlivu | Q5: =Q4 -> 64352 | R5: 0 | S5: 8750 | T5: 32655 | U5: 3000 | V5: =IF(ISBLANK(Q5),"",SUM(Q5:U5)-N5) -> -1000 | W5: kde je 1000? | X5: 42816
A6: =O6&"_"&B6&"_"&C6 -> 2017_Hamerák-akce_Hamerák materiál | B6: Hamerák-akce | C6: Hamerák materiál | E6: Jáchym K - schody Hamerák | F6: 42809 | J6: =4029+449 -> 4478 | K6: =I6-J6 -> -4478 | N6: =N5+I6-J6 -> 105279 | O6: 2017 | P6: bez vlivu | V6: =IF(ISBLANK(Q6),"",SUM(Q6:U6)-N6)
A7: =O7&"_"&B7&"_"&C7 -> 2017_Běžný provoz_Oddílová soutěž | B7: Běžný provoz | C7: Oddílová soutěž | E7: Jáchym K - soutěž 1. místo | F7: 42809 | J7: 1200 | K7: =I7-J7 -> -1200 | N7: =N6+I7-J7 -> 104079 | O7: 2017 | P7: y 2017 | V7: =IF(ISBLANK(Q7),"",SUM(Q7:U7)-N7)
A8: =O8&"_"&B8&"_"&C8 -> 2017_Převody_převod | B8: Převody | C8: převod | E8: z hotovosti na účet | F8: 42822 | K8: =I8-J8 -> 0 | M8: 5000 | N8: =N7+I8-J8 -> 104079 | O8: 2017 | P8: bez vlivu | V8: =IF(ISBLANK(Q8),"",SUM(Q8:U8)-N8)
A9: =O9&"_"&B9&"_"&C9 -> 2017_Hamerák-akce_Hamerák materiál | B9: Hamerák-akce | C9: Hamerák materiál | E9: Jáchym K - převod na účet | F9: 42822 | K9: =I9-J9 -> 0 | L9: -3000 | M9: -2678 | N9: =N8+I9-J9 -> 104079 | O9: 2017 | P9: bez vlivu | Q9: =Q5 -> 64352 | R9: 2322 | S9: 3750 | T9: 32655 | U9: 0 | V9: =IF(ISBLANK(Q9),"",SUM(Q9:U9)-N9) -> -1000 | W9: OK / kromě 1000 | X9: 42822
A10: =O10&"_"&B10&"_"&C10 -> 2017_Běžný provoz_Příspěvky | B10: Běžný provoz | C10: Příspěvky | E10: Příspěvky členů TJ účet (do 21.3. Čermák) | F10: 42826 | G10: 42815 | I10: 20250 | K10: =I10-J10 -> 20250 | N10: =N9+I10-J10 -> 124329 | O10: 2017 | P10: y 2017 | V10: =IF(ISBLANK(Q10),"",SUM(Q10:U10)-N10)
A11: =O11&"_"&B11&"_"&C11 -> 2017_Běžný provoz_Interní nájmy | B11: Běžný provoz | C11: Interní nájmy | E11: Interní nájmy (krakorce, klubovna, sklad) | F11: 42826 | G11: 42766 | J11: 8212 | K11: =I11-J11 -> -8212 | N11: =N10+I11-J11 -> 116117 | O11: 2017 | P11: y 2017 | V11: =IF(ISBLANK(Q11),"",SUM(Q11:U11)-N11)
A12: =O12&"_"&B12&"_"&C12 -> 2017_Běžný provoz_Interní nájmy | B12: Běžný provoz | C12: Interní nájmy | E12: Interní nájmy (tělocvična) | F12: 42826 | G12: 42766 | J12: 7488 | K12: =I12-J12 -> -7488 | N12: =N11+I12-J12 -> 108629 | O12: 2017 | P12: y 2017 | Q12: =Q$2+20250-8212-7488 -> 68902 | R12: 2322 | S12: 3750 | T12: 32655 | U12: 0 | V12: =IF(ISBLANK(Q12),"",SUM(Q12:U12)-N12) -> -1000 | W12: OK / kromě 1000 | X12: 42825 | Y12: 42815
A13: =O13&"_"&B13&"_"&C13 -> 2017_Běžný provoz_Příspěvky | B13: Běžný provoz | C13: Příspěvky | E13: příspěvky Jirka Klíma | F13: 42829 | I13: 400 | K13: =I13-J13 -> 400 | N13: =N12+I13-J13 -> 109029 | O13: 2017 | P13: y 2017 | V13: =IF(ISBLANK(Q13),"",SUM(Q13:U13)-N13)
A14: =O14&"_"&B14&"_"&C14 -> 2017_Převody_převod | B14: Převody | C14: převod | E14: z hotovosti na účet (E60) | F14: 42833 | K14: =I14-J14 -> 0 | M14: 28550 | N14: =N13+I14-J14 -> 109029 | O14: 2017 | P14: bez vlivu | V14: =IF(ISBLANK(Q14),"",SUM(Q14:U14)-N14)
A15: =O15&"_"&B15&"_"&C15 -> 2017_Běžný provoz_Příspěvky | B15: Běžný provoz | C15: Příspěvky | E15: příspěvky Klára Machová | F15: 42834 | I15: 1450 | K15: =I15-J15 -> 1450 | N15: =N14+I15-J15 -> 110479 | O15: 2017 | P15: y 2017 | Q15: =Q$2+20250-8212-7488 -> 68902 | R15: 32322 | S15: 9255 | T15: 0 | U15: 0 | V15: =IF(ISBLANK(Q15),"",SUM(Q15:U15)-N15) -> 0 | W15: OK | X15: 42834 | Y15: 42815
A16: =O16&"_"&B16&"_"&C16 -> 2017_Převody_převod | B16: Převody | C16: převod | E16: z hotovosti na účet (T) | F16: 42838 | K16: =I16-J16 -> 0 | M16: 4000 | N16: =N15+I16-J16 -> 110479 | O16: 2017 | P16: bez vlivu | V16: =IF(ISBLANK(Q16),"",SUM(Q16:U16)-N16)
A17: =O17&"_"&B17&"_"&C17 -> 2017_Běžný provoz_Příspěvky | B17: Běžný provoz | C17: Příspěvky | E17: Příspěvky M.Kalátová+M.Pelc | F17: 42844 | I17: 1600 | K17: =I17-J17 -> 1600 | N17: =N16+I17-J17 -> 112079 | O17: 2017 | P17: y 2017 | Q17: =Q$2+20250-8212-7488 -> 68902 | R17: 37922 | S17: 5255 | T17: 0 | U17: 0 | V17: =IF(ISBLANK(Q17),"",SUM(Q17:U17)-N17) -> 0 | W17: OK | X17: 42844 | Y17: 42815
A18: =O18&"_"&B18&"_"&C18 -> 2017_Hamerák-akce_Hamerák materiál | B18: Hamerák-akce | C18: Hamerák materiál | E18: Jáchym K - převod na účet | F18: 42860 | J18: 190 | K18: =I18-J18 -> -190 | N18: =N17+I18-J18 -> 111889 | O18: 2017 | P18: bez vlivu | V18: =IF(ISBLANK(Q18),"",SUM(Q18:U18)-N18)
A19: =O19&"_"&B19&"_"&C19 -> 2017_Běžný provoz_Příspěvky | B19: Běžný provoz | C19: Příspěvky | E19: Tomáš Matějka přeplatek | F19: 42860 | J19: 850 | K19: =I19-J19 -> -850 | N19: =N18+I19-J19 -> 111039 | O19: 2017 | P19: y 2017 | Q19: =Q$2+20250-8212-7488 -> 68902 | R19: 36882 | V19: =IF(ISBLANK(Q19),"",SUM(Q19:U19)-N19) -> -5255
A20: =O20&"_"&B20&"_"&C20 -> 2017_Převody_převod | B20: Převody | C20: převod | E20: z hotovosti na účet (T) | F20: 42860 | K20: =I20-J20 -> 0 | M20: 5000 | N20: =N19+I20-J20 -> 111039 | O20: 2017 | P20: bez vlivu | Q20: =Q$2+20250-8212-7488 -> 68902 | R20: 41882 | S20: 255 | T20: 0 | U20: 0 | V20: =IF(ISBLANK(Q20),"",SUM(Q20:U20)-N20) -> 0 | W20: OK | X20: 42860 | Y20: 42815
A21: =O21&"_"&B21&"_"&C21 -> 2017_Běžný provoz_Příspěvky | B21: Běžný provoz | C21: Příspěvky | E21: příspěvky Air Gábina, Fiala, Ouškatá, Lucka+Dominika, Lina, Jakub, Anna Dostálová, Pavel Bastl | F21: 42874 | I21: =7850+1300 -> 9150 | K21: =I21-J21 -> 9150 | N21: =N20+I21-J21 -> 120189 | O21: 2017 | P21: y 2017 | V21: =IF(ISBLANK(Q21),"",SUM(Q21:U21)-N21)
A22: =O22&"_"&B22&"_"&C22 -> 2017_Běžný provoz_Oddílová soutěž | B22: Běžný provoz | C22: Oddílová soutěž | E22: Evka Matějková 1. místo | F22: 42877 | J22: 1200 | K22: =I22-J22 -> -1200 | N22: =N21+I22-J22 -> 118989 | O22: 2017 | P22: y 2017 | V22: =IF(ISBLANK(Q22),"",SUM(Q22:U22)-N22)
A23: =O23&"_"&B23&"_"&C23 -> 2017_Podpora činnosti_Dotace ČPV | B23: Podpora činnosti | C23: Dotace ČPV | E23: Dotace Sázava (Jakub) | F23: 42879 | J23: 2000 | K23: =I23-J23 -> -2000 | N23: =N22+I23-J23 -> 116989 | O23: 2017 | P23: y 2017 | V23: =IF(ISBLANK(Q23),"",SUM(Q23:U23)-N23)
A24: =O24&"_"&B24&"_"&C24 -> 2017_Podpora činnosti_Oddílový den | B24: Podpora činnosti | C24: Oddílový den | E24: Dotace (Jakub) | F24: 42886 | J24: 1500 | K24: =I24-J24 -> -1500 | N24: =N23+I24-J24 -> 115489 | O24: 2017 | P24: y 2017 | V24: =IF(ISBLANK(Q24),"",SUM(Q24:U24)-N24)
A25: =O25&"_"&B25&"_"&C25 -> 2017_Podpora činnosti_Oddílový den | B25: Podpora činnosti | C25: Oddílový den | E25: Záloha Jakub | F25: 42886 | K25: =I25-J25 -> 0 | L25: 3000 | N25: =N24+I25-J25 -> 115489 | O25: 2017 | P25: bez vlivu | V25: =IF(ISBLANK(Q25),"",SUM(Q25:U25)-N25)
A26: =O26&"_"&B26&"_"&C26 -> 2017_Běžný provoz_Příspěvky | B26: Běžný provoz | C26: Příspěvky | E26: přeplatek Jakub loď | F26: 42886 | J26: 200 | K26: =I26-J26 -> -200 | N26: =N25+I26-J26 -> 115289 | O26: 2017 | P26: y 2017 | V26: =IF(ISBLANK(Q26),"",SUM(Q26:U26)-N26)
A27: =O27&"_"&B27&"_"&C27 -> 2017_Podpora činnosti_Oddílový den | B27: Podpora činnosti | C27: Oddílový den | E27: Dotace (Evka) | F27: 42892 | J27: 500 | K27: =I27-J27 -> -500 | N27: =N26+I27-J27 -> 114789 | O27: 2017 | P27: y 2017 | V27: =IF(ISBLANK(Q27),"",SUM(Q27:U27)-N27)
A28: =O28&"_"&B28&"_"&C28 -> 2017_Podpora činnosti_Dotace eskymáky | B28: Podpora činnosti | C28: Dotace eskymáky | E28: Podpora eskymáků (Mára) | F28: 42893 | J28: 1000 | K28: =I28-J28 -> -1000 | N28: =N27+I28-J28 -> 113789 | O28: 2017 | P28: y 2017 | V28: =IF(ISBLANK(Q28),"",SUM(Q28:U28)-N28)
A29: =O29&"_"&B29&"_"&C29 -> 2017_Běžný provoz_Údržba vleků | B29: Běžný provoz | C29: Údržba vleků | E29: STK vlek (Mára) | F29: 42893 | J29: =800+30+300 -> 1130 | K29: =I29-J29 -> -1130 | N29: =N28+I29-J29 -> 112659 | O29: 2017 | P29: y 2017 | Q29: =Q$2+20250-8212-7488 -> 68902 | R29: 40502 | S29: 255 | U29: 3000 | V29: =IF(ISBLANK(Q29),"",SUM(Q29:U29)-N29) -> 0 | W29: OK
A30: =O30&"_"&B30&"_"&C30 -> 2017_Běžný provoz_Příspěvky | B30: Běžný provoz | C30: Příspěvky | E30: Příspěvky členů TJ účet (22.3.-7.4. Pilatova) | F30: 42893 | G30: 42850 | I30: 13550 | K30: =I30-J30 -> 13550 | N30: =N29+I30-J30 -> 126209 | O30: 2017 | P30: y 2017 | Q30: 73952 | R30: 40502 | S30: 255 | U30: 3000 | V30: =IF(ISBLANK(Q30),"",SUM(Q30:U30)-N30) -> -8500 | W30: OK | X30: 42893 | Y30: 42850 | Z30: 42893
A31: =O31&"_"&B31&"_"&C31 -> 2017_Podpora činnosti_Oddílový den | B31: Podpora činnosti | C31: Oddílový den | E31: Záloha Jakub zpět | F31: 42900 | K31: =I31-J31 -> 0 | L31: -3000 | N31: =N30+I31-J31 -> 126209 | O31: 2017 | P31: bez vlivu | V31: =IF(ISBLANK(Q31),"",SUM(Q31:U31)-N31)
A32: =O32&"_"&B32&"_"&C32 -> 2017_Běžný provoz_Příspěvky | B32: Běžný provoz | C32: Příspěvky | E32: Elis 2. loď | F32: 42914 | I32: 200 | K32: =I32-J32 -> 200 | N32: =N31+I32-J32 -> 126409 | O32: 2017 | P32: y 2017 | V32: =IF(ISBLANK(Q32),"",SUM(Q32:U32)-N32)
A33: =O33&"_"&B33&"_"&C33 -> 2017_Běžný provoz_Interní nájmy | B33: Běžný provoz | C33: Interní nájmy | E33: Interní nájmy (krakorce, klubovna, sklad) | F33: 42916 | G33: 31.4.2017 | J33: 8212 | K33: =I33-J33 -> -8212 | N33: =N32+I33-J33 -> 118197 | O33: 2017 | P33: y 2017 | V33: =IF(ISBLANK(Q33),"",SUM(Q33:U33)-N33)
A34: =O34&"_"&B34&"_"&C34 -> 2017_Běžný provoz_Interní nájmy | B34: Běžný provoz | C34: Interní nájmy | E34: Interní nájmy (tělocvična) | F34: 42916 | G34: 31.4.2017 | J34: 7488 | K34: =I34-J34 -> -7488 | N34: =N33+I34-J34 -> 110709 | O34: 2017 | P34: y 2017 | Q34: 66952 | R34: 43502 | S34: 255 | T34: 0 | U34: 0 | V34: =IF(ISBLANK(Q34),"",SUM(Q34:U34)-N34) -> 0 | W34: OK | X34: 42930 | Y34: 42928 | Z34: 42930
A35: =O35&"_"&B35&"_"&C35 -> 2017_Podpora činnosti_Dotace záchrana | B35: Podpora činnosti | C35: Dotace záchrana | E35: Dotace záchrana Roudnice | F35: 42930 | J35: 1500 | K35: =I35-J35 -> -1500 | N35: =N34+I35-J35 -> 109209 | O35: 2017 | P35: y 2017 | V35: =IF(ISBLANK(Q35),"",SUM(Q35:U35)-N35)
A36: =O36&"_"&B36&"_"&C36 -> 2017_Běžný provoz_Oddílová soutěž | B36: Běžný provoz | C36: Oddílová soutěž | E36: Bára Kostková 3. místo | F36: 42933 | J36: 800 | K36: =I36-J36 -> -800 | N36: =N35+I36-J36 -> 108409 | O36: 2017 | P36: y 2017 | Q36: 66952 | R36: 41202 | S36: 255 | T36: 0 | U36: 0 | V36: =IF(ISBLANK(Q36),"",SUM(Q36:U36)-N36) -> 0 | W36: OK | X36: 42931 | Y36: 42928 | Z36: 42933
A37: =O37&"_"&B37&"_"&C37 -> 2017_Hamerák-akce_Hamerák materiál | B37: Hamerák-akce | C37: Hamerák materiál | E37: Jáchym K - barvy na brigádě | F37: 42940 | J37: 1730 | K37: =I37-J37 -> -1730 | N37: =N36+I37-J37 -> 106679 | O37: 2017 | P37: bez vlivu | V37: =IF(ISBLANK(Q37),"",SUM(Q37:U37)-N37)
A38: =O38&"_"&B38&"_"&C38 -> 2017_Hamerák-akce_Hamerák materiál | B38: Hamerák-akce | C38: Hamerák materiál | E38: Jáchym K - spojovací, karbolka, tmel | F38: 42943 | J38: 2860 | K38: =I38-J38 -> -2860 | N38: =N37+I38-J38 -> 103819 | O38: 2017 | P38: bez vlivu | V38: =IF(ISBLANK(Q38),"",SUM(Q38:U38)-N38)
A39: =O39&"_"&B39&"_"&C39 -> 2017_Běžný provoz_Interní nájmy | B39: Běžný provoz | C39: Interní nájmy | E39: Interní nájmy (krakorce, klubovna, sklad) | F39: 42947 | G39: 42947 | J39: 8212 | K39: =I39-J39 -> -8212 | N39: =N38+I39-J39 -> 95607 | O39: 2017 | P39: y 2017 | V39: =IF(ISBLANK(Q39),"",SUM(Q39:U39)-N39)
A40: =O40&"_"&B40&"_"&C40 -> 2017_Běžný provoz_Interní nájmy | B40: Běžný provoz | C40: Interní nájmy | E40: Interní nájmy (tělocvična) | F40: 42947 | G40: 42947 | J40: 7488 | K40: =I40-J40 -> -7488 | N40: =N39+I40-J40 -> 88119 | O40: 2017 | P40: y 2017 | V40: =IF(ISBLANK(Q40),"",SUM(Q40:U40)-N40)
A41: =O41&"_"&B41&"_"&C41 -> 2017_Hamerák-akce_Hamerák materiál | B41: Hamerák-akce | C41: Hamerák materiál | E41: Ešus cesťák schody | F41: 42949 | J41: 2613 | K41: =I41-J41 -> -2613 | N41: =N40+I41-J41 -> 85506 | O41: 2017 | P41: bez vlivu | V41: =IF(ISBLANK(Q41),"",SUM(Q41:U41)-N41)
A42: =O42&"_"&B42&"_"&C42 -> 2017_Podpora činnosti_Dotace zahraniční | B42: Podpora činnosti | C42: Dotace zahraniční | E42: Švýcarsko (Štěpán) | F42: 42981 | J42: 3000 | K42: =I42-J42 -> -3000 | N42: =N41+I42-J42 -> 82506 | O42: 2017 | P42: y 2017 | V42: =IF(ISBLANK(Q42),"",SUM(Q42:U42)-N42)
A43: =O43&"_"&B43&"_"&C43 -> 2017_Podpora činnosti_Kostlivci | B43: Podpora činnosti | C43: Kostlivci | E43: Dotace zahraniční akce 2016 (Štěpán) | F43: 42981 | J43: 5000 | K43: =I43-J43 -> -5000 | N43: =N42+I43-J43 -> 77506 | O43: 2017 | P43: y 2017 | Q43: =66952-15700 -> 51252 | R43: 25999 | S43: 255 | T43: 0 | U43: 0 | V43: =IF(ISBLANK(Q43),"",SUM(Q43:U43)-N43) -> 0 | W43: OK | X43: 42981 | Y43: 42928 | Z43: 42981
A44: =O44&"_"&B44&"_"&C44 -> 2017_Běžný provoz_Oddílová soutěž | B44: Běžný provoz | C44: Oddílová soutěž | E44: Majka Hořejší 2. místo | F44: 42989 | J44: 1000 | K44: =I44-J44 -> -1000 | N44: =N43+I44-J44 -> 76506 | O44: 2017 | P44: y 2017 | V44: =IF(ISBLANK(Q44),"",SUM(Q44:U44)-N44)
A45: =O45&"_"&B45&"_"&C45 -> 2017_Podpora činnosti_Dotace ČPV | B45: Podpora činnosti | C45: Dotace ČPV | E45: Dotace Úhlava | F45: 42990 | J45: 2000 | K45: =I45-J45 -> -2000 | N45: =N44+I45-J45 -> 74506 | O45: 2017 | P45: y 2017 | V45: =IF(ISBLANK(Q45),"",SUM(Q45:U45)-N45)
A46: =O46&"_"&B46&"_"&C46 -> 2017_Hamerák-akce_Hamerák záloha | B46: Hamerák-akce | C46: Hamerák záloha | E46: Soňa Pilátová - záloha jídlo | F46: 42990 | K46: =I46-J46 -> 0 | L46: 5000 | N46: =N45+I46-J46 -> 74506 | O46: 2017 | P46: bez vlivu | U46: 5000 | V46: =IF(ISBLANK(Q46),"",SUM(Q46:U46)-N46)
A47: =O47&"_"&B47&"_"&C47 -> 2017_Převody_převod | B47: Převody | C47: převod | E47: z účtu (T) na hotovost | F47: 43001 | K47: =I47-J47 -> 0 | M47: 10000 | N47: =N46+I47-J47 -> 74506 | O47: 2017 | P47: bez vlivu | Q47: =66952-15700 -> 51252 | R47: 7999 | S47: 10255 | U47: 5000 | V47: =IF(ISBLANK(Q47),"",SUM(Q47:U47)-N47) -> 0 | W47: OK | X47: 43001 | Y47: 42928 | Z47: 43001
A48: =O48&"_"&B48&"_"&C48 -> 2017_Hamerák-akce_Hamerák náklady | B48: Hamerák-akce | C48: Hamerák náklady | E48: JHMD | F48: 43008 | J48: 24689 | K48: =I48-J48 -> -24689 | N48: =N47+I48-J48 -> 49817 | O48: 2017 | P48: bez vlivu | V48: =IF(ISBLANK(Q48),"",SUM(Q48:U48)-N48)
A49: =O49&"_"&B49&"_"&C49 -> 2017_Hamerák-akce_Hamerák záloha | B49: Hamerák-akce | C49: Hamerák záloha | E49: Ešus záloha na náklady | F49: 43010 | K49: =I49-J49 -> 0 | L49: 5000 | N49: =N48+I49-J49 -> 49817 | O49: 2017 | P49: bez vlivu | V49: =IF(ISBLANK(Q49),"",SUM(Q49:U49)-N49)
A50: =O50&"_"&B50&"_"&C50 -> 2017_Hamerák-akce_Hamerák finance | B50: Hamerák-akce | C50: Hamerák finance | E50: Faktura za pivo | F50: 43013 | J50: 7923 | K50: =I50-J50 -> -7923 | N50: =N49+I50-J50 -> 41894 | O50: 2017 | P50: bez vlivu | V50: =IF(ISBLANK(Q50),"",SUM(Q50:U50)-N50)
A51: =O51&"_"&B51&"_"&C51 -> 2017_Hamerák-akce_Hamerák náklady | B51: Hamerák-akce | C51: Hamerák náklady | E51: Ubytování Hamerák | F51: 43015 | I51: 34242 | J51: 34242 | K51: =I51-J51 -> 0 | N51: =N50+I51-J51 -> 41894 | O51: 2017 | P51: bez vlivu | V51: =IF(ISBLANK(Q51),"",SUM(Q51:U51)-N51)
A52: =O52&"_"&B52&"_"&C52 -> 2017_Běžný provoz_Interní nájmy | B52: Běžný provoz | C52: Interní nájmy | E52: Interní nájmy (krakorce, klubovna, sklad) | F52: 43024 | G52: 43038 | J52: 8212 | K52: =I52-J52 -> -8212 | N52: =N51+I52-J52 -> 33682 | O52: 2017 | P52: y 2017 | V52: =IF(ISBLANK(Q52),"",SUM(Q52:U52)-N52)
A53: =O53&"_"&B53&"_"&C53 -> 2017_Běžný provoz_Interní nájmy | B53: Běžný provoz | C53: Interní nájmy | E53: Interní nájmy (tělocvična) | F53: 43024 | G53: 43038 | J53: 6912 | K53: =I53-J53 -> -6912 | N53: =N52+I53-J53 -> 26770 | O53: 2017 | P53: y 2017 | V53: =IF(ISBLANK(Q53),"",SUM(Q53:U53)-N53)
A54: =O54&"_"&B54&"_"&C54 -> 2017_Hamerák-akce_Hamerák náklady | B54: Hamerák-akce | C54: Hamerák náklady | E54: Rybáři | F54: 43029 | J54: 12100 | K54: =I54-J54 -> -12100 | N54: =N53+I54-J54 -> 14670 | O54: 2017 | P54: bez vlivu | Q54: -42826 | V54: =IF(ISBLANK(Q54),"",SUM(Q54:U54)-N54) -> -57496 | Y54: 43039
A55: =O55&"_"&B55&"_"&C55 -> 2017_Hamerák-akce_Hamerák finance | B55: Hamerák-akce | C55: Hamerák finance | E55: ČSK dotace | F55: 43048 | I55: 90000 | K55: =I55-J55 -> 90000 | N55: =N54+I55-J55 -> 104670 | O55: 2017 | P55: bez vlivu | Q55: =Q54+I55 -> 47174 | V55: =IF(ISBLANK(Q55),"",SUM(Q55:U55)-N55) -> -57496
A56: =O56&"_"&B56&"_"&C56 -> 2017_Běžný provoz_Interní nájmy | B56: Běžný provoz | C56: Interní nájmy | E56: Přeúčtování TOM nájmy | F56: 43066 | I56: 11160 | K56: =I56-J56 -> 11160 | N56: =N55+I56-J56 -> 115830 | O56: 2017 | P56: y 2017 | Q56: =Q55+I56 -> 58334 | V56: =IF(ISBLANK(Q56),"",SUM(Q56:U56)-N56) -> -57496
A57: =O57&"_"&B57&"_"&C57 -> 2017_Hamerák-akce_Hamerák finance | B57: Hamerák-akce | C57: Hamerák finance | E57: Ešus příjem za hrnky | F57: 43078 | I57: 2040 | K57: =I57-J57 -> 2040 | N57: =N56+I57-J57 -> 117870 | O57: 2017 | P57: bez vlivu | V57: =IF(ISBLANK(Q57),"",SUM(Q57:U57)-N57)
A58: =O58&"_"&B58&"_"&C58 -> 2017_Hamerák-akce_Hamerák finance | B58: Hamerák-akce | C58: Hamerák finance | E58: Vyúčtování akce s Milanem | F58: 43079 | I58: 3964 | K58: =I58-J58 -> 3964 | N58: =N57+I58-J58 -> 121834 | O58: 2017 | P58: bez vlivu | V58: =IF(ISBLANK(Q58),"",SUM(Q58:U58)-N58)
A59: =O59&"_"&B59&"_"&C59 -> 2017_Podpora činnosti_Oddílové vánoce | B59: Podpora činnosti | C59: Oddílové vánoce | E59: Dotace Vánoční Jiřetín (od Ešusa) | F59: 43079 | J59: 2040 | K59: =I59-J59 -> -2040 | N59: =N58+I59-J59 -> 119794 | O59: 2017 | P59: y 2017 | V59: =IF(ISBLANK(Q59),"",SUM(Q59:U59)-N59)
A60: =O60&"_"&B60&"_"&C60 -> 2017_Podpora činnosti_Oddílové vánoce | B60: Podpora činnosti | C60: Oddílové vánoce | E60: Dotace Vánoční Jiřetín (pokl. Hamerák) | F60: 43079 | J60: 1400 | K60: =I60-J60 -> -1400 | N60: =N59+I60-J60 -> 118394 | O60: 2017 | P60: y 2017 | Q60: 58334 | R60: 2999 | S60: =10255+34242+4164 -> 48661 | T60: 8400 | U60: 0 | V60: =IF(ISBLANK(Q60),"",SUM(Q60:U60)-N60) -> 0 | W60: OK | X60: 43082 | Y60: 43039 | Z60: 43082
A61: =O61&"_"&B61&"_"&C61 -> 2017_Podpora činnosti_Příjmy | B61: Podpora činnosti | C61: Příjmy | E61: Dar Kondor, s.r.o. | F61: 43081 | I61: 2000 | K61: =I61-J61 -> 2000 | N61: =N60+I61-J61 -> 120394 | O61: 2017 | P61: y 2017 | V61: =IF(ISBLANK(Q61),"",SUM(Q61:U61)-N61)
A62: =O62&"_"&B62&"_"&C62 -> 2017_Podpora činnosti_Nákup vybavení | B62: Podpora činnosti | C62: Nákup vybavení | E62: Sportovní vybavení (z dotace) | F62: 43086 | J62: 8988 | K62: =I62-J62 -> -8988 | N62: =N61+I62-J62 -> 111406 | O62: 2017 | P62: y 2017 | V62: =IF(ISBLANK(Q62),"",SUM(Q62:U62)-N62)
A63: =O63&"_"&B63&"_"&C63 -> 2017_Převody_převod | B63: Převody | C63: převod | E63: z hotovosti na účet (T) | F63: 43097 | K63: =I63-J63 -> 0 | M63: 14000 | N63: =N62+I63-J63 -> 111406 | O63: 2017 | P63: bez vlivu | Q63: =58334+I61 -> 60334 | R63: 16999 | S63: 25673 | T63: 8400 | V63: =IF(ISBLANK(Q63),"",SUM(Q63:U63)-N63) -> 0 | Z63: 43097
A64: =O64&"_"&B64&"_"&C64 -> 2017_Běžný provoz_Náklady TJ | B64: Běžný provoz | C64: Náklady TJ | E64: Propagace (?) | F64: 43099 | J64: 767 | K64: =I64-J64 -> -767 | N64: =N63+I64-J64 -> 110639 | O64: 2017 | P64: y 2017 | V64: =IF(ISBLANK(Q64),"",SUM(Q64:U64)-N64)
A65: =O65&"_"&B65&"_"&C65 -> 2017b_Převody_Převod do 2018 | B65: Převody | C65: Převod do 2018 | E65: Koncový stav 2017 | F65: 43101 | K65: =I65-J65 -> 0 | N65: =N64+I65-J65 -> 110639 | O65: 2017b | P65: bez vlivu | Q65: 45205 | R65: 16999 | S65: =25673+14362 -> 40035 | T65: 8400 | V65: =IF(ISBLANK(Q65),"",SUM(Q65:U65)-N65) -> 0 | W65: OK | X65: 43100
A66: =O66&"_"&B66&"_"&C66 -> 2018_Převody_Převod z 2017 | B66: Převody | C66: Převod z 2017 | D66: =VLOOKUP(A66,'Rozpočet 2018'!J:J,1,FALSE) -> 2018_Převody_Převod z 2017 | E66: Počáteční stav 2018 | F66: 43101 | K66: =I66-J66 -> 0 | N66: =N65+I66-J66 -> 110639 | O66: 2018 | Q66: =45205+1420+8451 -> 55076 | R66: 16999 | S66: =25673+14362 -> 40035 | T66: 8400 | V66: =IF(ISBLANK(Q66),"",SUM(Q66:U66)-N66) -> 9871 | W66: OK | X66: 43100
A67: =O67&"_"&B67&"_"&C67 -> 2017_Běžný provoz_Příspěvky | B67: Běžný provoz | C67: Příspěvky | E67: Příspěvky Sáďa za 2017 | F67: 43110 | H67: Air | I67: 1250 | K67: =I67-J67 -> 1250 | N67: =N66+I67-J67 -> 111889 | O67: 2017 | P67: y 2017 | S67: Hotovost 1 | T67: Hotovost 2 | V67: =IF(ISBLANK(Q67),"",SUM(Q67:U67)-N67)
A68: =O68&"_"&B68&"_"&C68 -> 2018_Převody_převod | B68: Převody | C68: převod | D68: =VLOOKUP(A68,'Rozpočet 2018'!J:J,1,FALSE) -> 2018_Převody_převod | E68: Za dotace z TJ na hotovost | F68: 43110 | G68: 43100 | K68: =I68-J68+L68 -> 0 | M68: 14362 | N68: =N67+I68-J68 -> 111889 | O68: 2018 | V68: =IF(ISBLANK(Q68),"",SUM(Q68:U68)-N68)
A69: =O69&"_"&B69&"_"&C69 -> 2018_Podpora činnosti_Příjmy dotace | B69: Podpora činnosti | C69: Příjmy dotace | D69: =VLOOKUP(A69,'Rozpočet 2018'!J:J,1,FALSE) -> 2018_Podpora činnosti_Příjmy dotace | E69: Dotace program 10 - trenéři | F69: 43111 | H69: Air | I69: 17000 | K69: =I69-J69+L69 -> 17000 | N69: =N68+I69-J69 -> 128889 | O69: 2018 | Q69: =Q67 | R69: 33999 | S69: =25673+14362+1250 -> 41285 | T69: 8400 | V69: =IF(ISBLANK(Q69),"",SUM(Q69:U69)-N69) | W69: OK | X69: 43128
A70: =O70&"_"&B70&"_"&C70 -> 2017_Běžný provoz_Příspěvky ČSK | B70: Běžný provoz | C70: Příspěvky ČSK | E70: Příspěvky ČSK - vratka | F70: 43118 | H70: TJ | I70: 1420 | K70: =I70-J70 -> 1420 | N70: =N69+I70-J70 -> 130309 | O70: 2017 | P70: bez vlivu | S70: U Tomáše | T70: U Milana | V70: =IF(ISBLANK(Q70),"",SUM(Q70:U70)-N70)
A71: =O71&"_"&B71&"_"&C71 -> 2017_Podpora činnosti_Příjmy | B71: Podpora činnosti | C71: Příjmy | E71: Dotace program 10 - materiál | F71: 43118 | H71: TJ | I71: 8451 | K71: =I71-J71 -> 8451 | N71: =N70+I71-J71 -> 138760 | O71: 2017 | P71: y 2017 | V71: =IF(ISBLANK(Q71),"",SUM(Q71:U71)-N71)
A72: =O72&"_"&B72&"_"&C72 -> 2018_Podpora činnosti_Příjmy dotace | B72: Podpora činnosti | C72: Příjmy dotace | D72: =VLOOKUP(A72,'Rozpočet 2018'!J:J,1,FALSE) -> 2018_Podpora činnosti_Příjmy dotace | E72: Dotace program 10 - opravy | F72: 43118 | H72: TJ | I72: 5374 | K72: =I72-J72+L72 -> 5374 | N72: =N71+I72-J72 -> 144134 | O72: 2018 | V72: =IF(ISBLANK(Q72),"",SUM(Q72:U72)-N72)
A73: =O73&"_"&B73&"_"&C73 -> 2018_Běžný provoz_Interní nájmy | B73: Běžný provoz | C73: Interní nájmy | D73: =VLOOKUP(A73,'Rozpočet 2018'!J:J,1,FALSE) -> 2018_Běžný provoz_Interní nájmy | E73: Interní nájmy (krakorce, klubovna, sklad) | F73: 43130 | H73: TJ | J73: 6103 | K73: =I73-J73+L73 -> -6103 | N73: =N72+I73-J73 -> 138031 | O73: 2018 | V73: =IF(ISBLANK(Q73),"",SUM(Q73:U73)-N73)
A74: =O74&"_"&B74&"_"&C74 -> 2018_Běžný provoz_Interní nájmy | B74: Běžný provoz | C74: Interní nájmy | D74: =VLOOKUP(A74,'Rozpočet 2018'!J:J,1,FALSE) -> 2018_Běžný provoz_Interní nájmy | E74: Interní nájmy (tělocvična) | F74: 43130 | H74: TJ | J74: 7488 | K74: =I74-J74+L74 -> -7488 | N74: =N73+I74-J74 -> 130543 | O74: 2018 | V74: =IF(ISBLANK(Q74),"",SUM(Q74:U74)-N74)
A75: =O75&"_"&B75&"_"&C75 -> 2018_Běžný provoz_Interní nájmy | B75: Běžný provoz | C75: Interní nájmy | D75: =VLOOKUP(A75,'Rozpočet 2018'!J:J,1,FALSE) -> 2018_Běžný provoz_Interní nájmy | E75: Vjezdové karty | F75: 43130 | H75: TJ | J75: 3000 | K75: =I75-J75+L75 -> -3000 | N75: =N74+I75-J75 -> 127543 | O75: 2018 | V75: =IF(ISBLANK(Q75),"",SUM(Q75:U75)-N75)
A76: =O76&"_"&B76&"_"&C76 -> 2018_Převody_převod | B76: Převody | C76: převod | D76: =VLOOKUP(A76,'Rozpočet 2018'!J:J,1,FALSE) -> 2018_Převody_převod | E76: z hotovosti na účet (T) | F76: 43141 | H76: mezi | K76: =I76-J76+L76 -> 0 | M76: 10000 | N76: =N75+I76-J76 -> 127543 | O76: 2018 | R76: 43999 | V76: =IF(ISBLANK(Q76),"",SUM(Q76:U76)-N76)
A77: =O77&"_"&B77&"_"&C77 -> 2018_Podpora činnosti_Příjmy dotace | B77: Podpora činnosti | C77: Příjmy dotace | D77: =VLOOKUP(A77,'Rozpočet 2018'!J:J,1,FALSE) -> 2018_Podpora činnosti_Příjmy dotace | E77: Dotace program 10 - opravy - Kukla výdaj (předběžně) | F77: 43151 | H77: Air | J77: 1000 | K77: =I77-J77+L77 -> -1000 | N77: =N76+I77-J77 -> 126543 | O77: 2018 | V77: =IF(ISBLANK(Q77),"",SUM(Q77:U77)-N77)
A78: =O78&"_"&B78&"_"&C78 -> 2018_Běžný provoz_Příspěvky | B78: Běžný provoz | C78: Příspěvky | D78: =VLOOKUP(A78,'Rozpočet 2018'!J:J,1,FALSE) -> 2018_Běžný provoz_Příspěvky | E78: Vybrané příspěvky na VH | F78: 43151 | H78: hotovost | I78: 16050 | K78: =I78-J78+L78 -> 16050 | N78: =N77+I78-J78 -> 142593 | O78: 2018 | V78: =IF(ISBLANK(Q78),"",SUM(Q78:U78)-N78)
A79: =O79&"_"&B79&"_"&C79 -> 2018_Převody_převod | B79: Převody | C79: převod | D79: =VLOOKUP(A79,'Rozpočet 2018'!J:J,1,FALSE) -> 2018_Převody_převod | E79: z hotovosti na účet (T) | F79: 43155 | H79: mezi | K79: =I79-J79+L79 -> 0 | M79: 10000 | N79: =N78+I79-J79 -> 142593 | O79: 2018 | V79: =IF(ISBLANK(Q79),"",SUM(Q79:U79)-N79)
A80: =O80&"_"&B80&"_"&C80 -> 2018_Podpora činnosti_Oddílová soutěž | B80: Podpora činnosti | C80: Oddílová soutěž | D80: =VLOOKUP(A80,'Rozpočet 2018'!J:J,1,FALSE) -> 2018_Podpora činnosti_Oddílová soutěž | E80: Jáchym Kopřiva 1. místo | F80: 43157 | H80: Air | J80: 599 | K80: =I80-J80+L80 -> -599 | N80: =N79+I80-J80 -> 141994 | O80: 2018 | Q80: =55076+5374+8550 -> 69000 | R80: =53999-J80 -> 53400 | S80: =21335+15000 -> 36335 | T80: 8400 | V80: =IF(ISBLANK(Q80),"",SUM(Q80:U80)-N80) -> 25141 | W80: časový nesoulad plateb a stavu | X80: 43155 | Z80: 43155
A81: =O81&"_"&B81&"_"&C81 -> 2018_Hamerák-akce_Výbor večeře | B81: Hamerák-akce | C81: Výbor večeře | D81: =VLOOKUP(A81,'Rozpočet 2018'!J:J,1,FALSE) -> 2018_Hamerák-akce_Výbor večeře | E81: Večeře výboru Hameráku | F81: 43169 | H81: Air | J81: 3000 | K81: =I81-J81+L81 -> -3000 | N81: =N80+I81-J81 -> 138994 | O81: 2018 | V81: =IF(ISBLANK(Q81),"",SUM(Q81:U81)-N81)
A82: =O82&"_"&B82&"_"&C82 -> 2018_Převody_převod | B82: Převody | C82: převod | D82: =VLOOKUP(A82,'Rozpočet 2018'!J:J,1,FALSE) -> 2018_Převody_převod | E82: Chybná platba Chochola - příjem na TJ, výdaj z Air | F82: 43187 | H82: mezi | K82: =I82-J82+L82 -> 0 | M82: 200 | N82: =N81+I82-J82 -> 138994 | O82: 2018 | V82: =IF(ISBLANK(Q82),"",SUM(Q82:U82)-N82)
A83: =O83&"_"&B83&"_"&C83 -> 2018_Běžný provoz_Příspěvky ČSK | B83: Běžný provoz | C83: Příspěvky ČSK | D83: =VLOOKUP(A83,'Rozpočet 2018'!J:J,1,FALSE) -> 2018_Běžný provoz_Příspěvky ČSK | E83: příspěvky ČSK | F83: 43188 | H83: Air | J83: 1520 | K83: =I83-J83+L83 -> -1520 | N83: =N82+I83-J83 -> 137474 | O83: 2018 | V83: =IF(ISBLANK(Q83),"",SUM(Q83:U83)-N83)
A84: =O84&"_"&B84&"_"&C84 -> 2018_Převody_převod | B84: Převody | C84: převod | D84: =VLOOKUP(A84,'Rozpočet 2018'!J:J,1,FALSE) -> 2018_Převody_převod | E84: z hotovosti na účet (T) | F84: 43194 | H84: mezi | K84: =I84-J84+L84 -> 0 | M84: 10000 | N84: =N83+I84-J84 -> 137474 | O84: 2018 | V84: =IF(ISBLANK(Q84),"",SUM(Q84:U84)-N84)
A85: =O85&"_"&B85&"_"&C85 -> 2018_Podpora činnosti_Příjmy ostatní | B85: Podpora činnosti | C85: Příjmy ostatní | D85: =VLOOKUP(A85,'Rozpočet 2018'!J:J,1,FALSE) -> 2018_Podpora činnosti_Příjmy ostatní | E85: Doubrava vratka od Ešuse | F85: 43201 | H85: Air | I85: 250 | K85: =I85-J85+L85 -> 250 | N85: =N84+I85-J85 -> 137724 | O85: 2018 | V85: =IF(ISBLANK(Q85),"",SUM(Q85:U85)-N85)
A86: =O86&"_"&B86&"_"&C86 -> 2018_Běžný provoz_Příspěvky | B86: Běžný provoz | C86: Příspěvky | D86: =VLOOKUP(A86,'Rozpočet 2018'!J:J,1,FALSE) -> 2018_Běžný provoz_Příspěvky | E86: Roman Liška 2. loď | F86: 43207 | H86: Air | I86: 200 | K86: =I86-J86+L86 -> 200 | N86: =N85+I86-J86 -> 137924 | O86: 2018 | V86: =IF(ISBLANK(Q86),"",SUM(Q86:U86)-N86)
A87: =O87&"_"&B87&"_"&C87 -> 2018_Podpora činnosti_Podpora ČPV | B87: Podpora činnosti | C87: Podpora ČPV | D87: =VLOOKUP(A87,'Rozpočet 2018'!J:J,1,FALSE) -> 2018_Podpora činnosti_Podpora ČPV | E87: Dotace Otava (Roman L.) | F87: 43207 | H87: Air | J87: 2500 | K87: =I87-J87+L87 -> -2500 | N87: =N86+I87-J87 -> 135424 | O87: 2018 | V87: =IF(ISBLANK(Q87),"",SUM(Q87:U87)-N87)
A88: =O88&"_"&B88&"_"&C88 -> 2018_Běžný provoz_Příspěvky | B88: Běžný provoz | C88: Příspěvky | D88: =VLOOKUP(A88,'Rozpočet 2018'!J:J,1,FALSE) -> 2018_Běžný provoz_Příspěvky | E88: Příspěvky účet TJ do 30.4. | F88: 43220 | H88: TJ | I88: 33900 | K88: =I88-J88+L88 -> 33900 | N88: =N87+I88-J88 -> 169324 | O88: 2018 | V88: =IF(ISBLANK(Q88),"",SUM(Q88:U88)-N88)
A89: =O89&"_"&B89&"_"&C89 -> 2018_Běžný provoz_Interní nájmy | B89: Běžný provoz | C89: Interní nájmy | D89: =VLOOKUP(A89,'Rozpočet 2018'!J:J,1,FALSE) -> 2018_Běžný provoz_Interní nájmy | E89: Interní nájmy (krakorce, klubovna, sklad) | F89: 43220 | H89: TJ | J89: 6103 | K89: =I89-J89+L89 -> -6103 | N89: =N88+I89-J89 -> 163221 | O89: 2018 | V89: =IF(ISBLANK(Q89),"",SUM(Q89:U89)-N89)
A90: =O90&"_"&B90&"_"&C90 -> 2018_Běžný provoz_Interní nájmy | B90: Běžný provoz | C90: Interní nájmy | D90: =VLOOKUP(A90,'Rozpočet 2018'!J:J,1,FALSE) -> 2018_Běžný provoz_Interní nájmy | E90: Interní nájmy (tělocvična) | F90: 43220 | H90: TJ | J90: 7488 | K90: =I90-J90+L90 -> -7488 | N90: =N89+I90-J90 -> 155733 | O90: 2018 | V90: =IF(ISBLANK(Q90),"",SUM(Q90:U90)-N90)
A91: =O91&"_"&B91&"_"&C91 -> 2018_Běžný provoz_Příspěvky | B91: Běžný provoz | C91: Příspěvky | D91: =VLOOKUP(A91,'Rozpočet 2018'!J:J,1,FALSE) -> 2018_Běžný provoz_Příspěvky | E91: Pavel Bastl (TJ) | F91: 43222 | H91: TJ | I91: 1300 | K91: =I91-J91+L91 -> 1300 | N91: =N90+I91-J91 -> 157033 | O91: 2018 | V91: =IF(ISBLANK(Q91),"",SUM(Q91:U91)-N91)
A92: =O92&"_"&B92&"_"&C92 -> 2018_Běžný provoz_Příspěvky | B92: Běžný provoz | C92: Příspěvky | D92: =VLOOKUP(A92,'Rozpočet 2018'!J:J,1,FALSE) -> 2018_Běžný provoz_Příspěvky | E92: Příspěvky Air do 7.5 - Dostálová, Fiala, Bundáš loď, Chochola, Bernardová H+B, Chvojková, Novák, Veselý, Závišková | F92: 43227 | H92: Air | I92: 9750 | K92: =I92-J92+L92 -> 9750 | N92: =N91+I92-J92 -> 166783 | O92: 2018 | V92: =IF(ISBLANK(Q92),"",SUM(Q92:U92)-N92)
A93: =O93&"_"&B93&"_"&C93 -> 2018_Podpora činnosti_Materiál | B93: Podpora činnosti | C93: Materiál | D93: =VLOOKUP(A93,'Rozpočet 2018'!J:J,1,FALSE) -> 2018_Podpora činnosti_Materiál | E93: Gril | F93: 43230 | H93: Air | J93: 1048 | K93: =I93-J93+L93 -> -1048 | N93: =N92+I93-J93 -> 165735 | O93: 2018 | V93: =IF(ISBLANK(Q93),"",SUM(Q93:U93)-N93)
A94: =O94&"_"&B94&"_"&C94 -> 2018_Běžný provoz_Příspěvky | B94: Běžný provoz | C94: Příspěvky | D94: =VLOOKUP(A94,'Rozpočet 2018'!J:J,1,FALSE) -> 2018_Běžný provoz_Příspěvky | E94: Bivoj (přes Báru na Air účet) | F94: 43236 | H94: Air | I94: 900 | K94: =I94-J94+L94 -> 900 | N94: =N93+I94-J94 -> 166635 | O94: 2018 | V94: =IF(ISBLANK(Q94),"",SUM(Q94:U94)-N94)
A95: =O95&"_"&B95&"_"&C95 -> 2018_Podpora činnosti_Oddílová soutěž | B95: Podpora činnosti | C95: Oddílová soutěž | D95: =VLOOKUP(A95,'Rozpočet 2018'!J:J,1,FALSE) -> 2018_Podpora činnosti_Oddílová soutěž | E95: Evka Matějková 3. místo | F95: 43237 | H95: Air | J95: 600 | K95: =I95-J95+L95 -> -600 | N95: =N94+I95-J95 -> 166035 | O95: 2018 | V95: =IF(ISBLANK(Q95),"",SUM(Q95:U95)-N95)
A96: =O96&"_"&B96&"_"&C96 -> 2018_Podpora činnosti_Oddílová soutěž | B96: Podpora činnosti | C96: Oddílová soutěž | D96: =VLOOKUP(A96,'Rozpočet 2018'!J:J,1,FALSE) -> 2018_Podpora činnosti_Oddílová soutěž | E96: Tomáš Matějka 2. místo | F96: 43237 | H96: Air | J96: 800 | K96: =I96-J96+L96 -> -800 | N96: =N95+I96-J96 -> 165235 | O96: 2018 | S96: Hotovost 1 | T96: Hotovost 2 | V96: =IF(ISBLANK(Q96),"",SUM(Q96:U96)-N96)
A97: =O97&"_"&B97&"_"&C97 -> 2018_Podpora činnosti_Podpora zahraniční zájezd | B97: Podpora činnosti | C97: Podpora zahraniční zájezd | D97: =VLOOKUP(A97,'Rozpočet 2018'!J:J,1,FALSE) -> 2018_Podpora činnosti_Podpora zahraniční zájezd | E97: Rakousko (Štěpán) | F97: 43242 | H97: Air | J97: 4000 | K97: =I97-J97+L97 -> -4000 | N97: =N96+I97-J97 -> 161235 | O97: 2018 | S97: U Tomáše | T97: U Milana | V97: =IF(ISBLANK(Q97),"",SUM(Q97:U97)-N97)
A98: =O98&"_"&B98&"_"&C98 -> 2018_Běžný provoz_Příspěvky | B98: Běžný provoz | C98: Příspěvky | D98: =VLOOKUP(A98,'Rozpočet 2018'!J:J,1,FALSE) -> 2018_Běžný provoz_Příspěvky | E98: Doplatek Jakub Chochola | F98: 43244 | H98: Air | I98: 250 | K98: =I98-J98+L98 -> 250 | N98: =N97+I98-J98 -> 161485 | O98: 2018 | Q98: =67368+1300 -> 68668 | R98: 61082 | S98: =1335+25000 -> 26335 | T98: 8400 | V98: =IF(ISBLANK(Q98),"",SUM(Q98:U98)-N98) -> 3000 | W98: OK | X98: 43244
A99: =O99&"_"&B99&"_"&C99 -> 2018_Podpora činnosti_Oddílový den | B99: Podpora činnosti | C99: Oddílový den | D99: =VLOOKUP(A99,'Rozpočet 2018'!J:J,1,FALSE) -> 2018_Podpora činnosti_Oddílový den | E99: Dotace (Jakub) | F99: 43253 | H99: hotově | J99: 3000 | K99: =I99-J99+L99 -> -3000 | N99: =N98+I99-J99 -> 158485 | O99: 2018 | V99: =IF(ISBLANK(Q99),"",SUM(Q99:U99)-N99)
A100: =O100&"_"&B100&"_"&C100 -> 2018_Běžný provoz_Údržba vleků | B100: Běžný provoz | C100: Údržba vleků | D100: =VLOOKUP(A100,'Rozpočet 2018'!J:J,1,FALSE) -> 2018_Běžný provoz_Údržba vleků | E100: Ešus - šrouby | F100: 43253 | H100: hotově | J100: 400 | K100: =I100-J100+L100 -> -400 | N100: =N99+I100-J100 -> 158085 | O100: 2018 | V100: =IF(ISBLANK(Q100),"",SUM(Q100:U100)-N100)
...

Sheet Rozpočet 2026
A1: =CONCAT("Rozpočet OVT ",$F$1) -> Rozpočet OVT 2026 | B1: Plán | C1: Plnění | D1: Rozdíl | F1: 2026
A2: =CONCAT("Převod z roku ",$F$1-1) -> Převod z roku 2025 | B2: 108166 | C2: automaticky z průběžného stavu
F3: Údaje pro automatické doplnění sloupce "Plnění" z listu "Rozpočet - průběžný stav"
A4: Kapitola běžný provoz | B4: =CONCAT("Plán ",$F$1) -> Plán 2026 | C4: =CONCAT("Plnění ",$F$1) -> Plnění 2026 | D4: Rozdíl | F4: Rok | G4: Skupina | H4: Kategorie | I4: Klíč
A5: Příjmy | D5: rozdíl
A6: Příspěvky | B6: 65000 | C6: =SUMIFS('Rozpočet - průběžný stav'!K:K,'Rozpočet - průběžný stav'!A:A,I6) -> 0 | D6: =C6-B6 -> -65000 | F6: =$F$1 -> 2026 | G6: Běžný provoz | H6: =A6 -> Příspěvky | I6: =F6&"_"&G6&"_"&H6 -> 2026_Běžný provoz_Příspěvky
A7: Přeúčtování TOM | B7: 14305 | C7: =SUMIFS('Rozpočet - průběžný stav'!K:K,'Rozpočet - průběžný stav'!A:A,I7) -> 0 | D7: =C7-B7 -> -14305 | F7: =$F$1 -> 2026 | G7: Běžný provoz | H7: =A7 -> Přeúčtování TOM | I7: =F7&"_"&G7&"_"&H7 -> 2026_Běžný provoz_Přeúčtování TOM | K7: Oddílová soutěž
A8: Příjem půjčení vleků | B8: 5000 | C8: =SUMIFS('Rozpočet - průběžný stav'!K:K,'Rozpočet - průběžný stav'!A:A,I8) -> 0 | D8: =C8-B8 -> -5000 | F8: =$F$1 -> 2026 | G8: Běžný provoz | H8: =A8 -> Příjem půjčení vleků | I8: =F8&"_"&G8&"_"&H8 -> 2026_Běžný provoz_Příjem půjčení vleků
A9: Ostatní | B9: 2500 | C9: =SUMIFS('Rozpočet - průběžný stav'!K:K,'Rozpočet - průběžný stav'!A:A,I9) -> 0 | D9: =C9-B9 -> -2500 | F9: =$F$1 -> 2026 | G9: Běžný provoz | H9: =A9 -> Ostatní | I9: =F9&"_"&G9&"_"&H9 -> 2026_Běžný provoz_Ostatní
A10: Příjmy běžný provoz celkem | B10: =SUM(B6:B9) -> 86805 | C10: =SUM(C6:C9) -> 0 | D10: =C10-B10 -> -86805 | K10: Nejlepší ženy: | L10: doplnit
A12: Výdaje | K12: Katka Měrková | L12: 1000
A13: Interní nájmy | B13: 90000 | C13: =-SUMIFS('Rozpočet - průběžný stav'!K:K,'Rozpočet - průběžný stav'!A:A,I13) -> 0 | D13: =C13-B13 -> -90000 | F13: =$F$1 -> 2026 | G13: Běžný provoz | H13: =A13 -> Interní nájmy | I13: =F13&"_"&G13&"_"&H13 -> 2026_Běžný provoz_Interní nájmy | K13: Kateřina Šedivá | L13: 800
A14: Interní nájmy ostatní | C14: =-SUMIFS('Rozpočet - průběžný stav'!K:K,'Rozpočet - průběžný stav'!A:A,I14) -> 0 | D14: =C14-B14 -> 0 | F14: =$F$1 -> 2026 | G14: Běžný provoz | H14: =A14 -> Interní nájmy ostatní | I14: =F14&"_"&G14&"_"&H14 -> 2026_Běžný provoz_Interní nájmy ostatní | K14: Bára Bernardová | L14: 600
A15: Příspěvky ČSK | B15: 1300 | C15: =-SUMIFS('Rozpočet - průběžný stav'!K:K,'Rozpočet - průběžný stav'!A:A,I15) -> 0 | D15: =C15-B15 -> -1300 | E15: více je TOM, viz přeúčtování TOM | F15: =$F$1 -> 2026 | G15: Běžný provoz | H15: =A15 -> Příspěvky ČSK | I15: =F15&"_"&G15&"_"&H15 -> 2026_Běžný provoz_Příspěvky ČSK | K15: Nejlepší muži: | L15: doplnit
A16: Příspěvky TJ Bohemians | B16: 4800 | C16: =-SUMIFS('Rozpočet - průběžný stav'!K:K,'Rozpočet - průběžný stav'!A:A,I16) -> 0 | D16: =C16-B16 -> -4800 | F16: =$F$1 -> 2026 | G16: Běžný provoz | H16: Příspěvky TJ Bohemians | I16: =F16&"_"&G16&"_"&H16 -> 2026_Běžný provoz_Příspěvky TJ Bohemians
A17: Údržba vleků | B17: 6000 | C17: =-SUMIFS('Rozpočet - průběžný stav'!K:K,'Rozpočet - průběžný stav'!A:A,I17) -> 0 | D17: =C17-B17 -> -6000 | E17: náklady na vleky jsou napůl s TOM, viz přeúčtování TOM | F17: =$F$1 -> 2026 | G17: Běžný provoz | H17: =A17 -> Údržba vleků | I17: =F17&"_"&G17&"_"&H17 -> 2026_Běžný provoz_Údržba vleků | K17: Jiří Klíma | L17: 1000
A18: Materiál | B18: 2000 | C18: =-SUMIFS('Rozpočet - průběžný stav'!K:K,'Rozpočet - průběžný stav'!A:A,I18) -> 0 | D18: =C18-B18 -> -2000 | F18: =$F$1 -> 2026 | G18: Běžný provoz | H18: =A18 -> Materiál | I18: =F18&"_"&G18&"_"&H18 -> 2026_Běžný provoz_Materiál | K18: Jáchym Kopřiva | L18: 800
A19: Výdaje ostatní | B19: 600 | C19: =-SUMIFS('Rozpočet - průběžný stav'!K:K,'Rozpočet - průběžný stav'!A:A,I19) -> 0 | D19: =C19-B19 -> -600 | E19: webhosting | F19: =$F$1 -> 2026 | G19: Běžný provoz | H19: =A19 -> Výdaje ostatní | I19: =F19&"_"&G19&"_"&H19 -> 2026_Běžný provoz_Výdaje ostatní | K19: Martin Kříž | L19: 600
A20: Výdaje běžný provoz celkem | B20: =SUM(B12:B19) -> 104700 | C20: =SUM(C12:C19) -> 0 | D20: =C20-B20 -> -104700
A22: Bilance běžný provoz | B22: =B10-B20 -> -17895 | C22: =C10-C20 -> 0 | D22: =C22-B22 -> 17895
A24: Kapitola podpora činnosti | B24: =CONCAT("Plán ",$F$1) -> Plán 2026 | C24: =CONCAT("Plnění ",$F$1) -> Plnění 2026 | D24: Rozdíl | F24: Rok | G24: Skupina | H24: Kategorie | I24: Klíč
A25: Příjmy
A26: Příjem Hamerák | B26: 0 | C26: =SUMIFS('Rozpočet - průběžný stav'!K:K,'Rozpočet - průběžný stav'!A:A,I26) -> 0 | F26: =$F$1 -> 2026 | G26: Hamerák-akce | H26: Hamerák finance | I26: =F26&"_"&G26&"_"&H26 -> 2026_Hamerák-akce_Hamerák finance
A27: Příjmy dotace a dary | B27: 0 | C27: =SUMIFS('Rozpočet - průběžný stav'!K:K,'Rozpočet - průběžný stav'!A:A,I27) -> 0 | D27: =C27-B27 -> 0 | F27: =$F$1 -> 2026 | G27: Podpora činnosti | H27: =A27 -> Příjmy dotace a dary | I27: =F27&"_"&G27&"_"&H27 -> 2026_Podpora činnosti_Příjmy dotace a dary
A28: Příjmy podpora činnosti celkem | B28: =SUM(B25:B27) -> 0 | C28: =SUM(C25:C27) -> 0 | D28: =C28-B28 -> 0
A30: Výdaje
A31: Podpora akcí | B31: 30000 | C31: =-SUMIFS('Rozpočet - průběžný stav'!K:K,'Rozpočet - průběžný stav'!A:A,I31) -> 0 | D31: =C31-B31 -> -30000 | F31: =$F$1 -> 2026 | G31: Podpora činnosti | H31: =A31 -> Podpora akcí | I31: =F31&"_"&G31&"_"&H31 -> 2026_Podpora činnosti_Podpora akcí
A32: Hamerák příprava výdaje | B32: 5000 | C32: =-SUMIFS('Rozpočet - průběžný stav'!K:K,'Rozpočet - průběžný stav'!A:A,I32) -> 0 | D32: =C32-B32 -> -5000 | F32: =$F$1 -> 2026 | G32: Hamerák-akce | H32: Náklady příprava | I32: =F32&"_"&G32&"_"&H32 -> 2026_Hamerák-akce_Náklady příprava | K32: Výsledek Hamerák: | L32: =C26-#REF!-C32 -> #REF!
A33: Výdaje podpora činnosti celkem | B33: =sum(B31:B32) -> 35000 | C33: =sum(C31:C32) -> 0 | D33: =C33-B33 -> -35000
A35: Bilance podpora činnosti | B35: =B28-B33 -> -35000 | C35: =C28-C33 -> 0 | D35: =C35-B35 -> 35000
A37: Bilance Hamerák | B37: 0 | C37: =C26-C32 -> 0
C38: =-SUMIFS('Rozpočet - průběžný stav'!K:K,'Rozpočet - průběžný stav'!A:A,I38) -> 0 | F38: =$F$1 -> 2026 | G38: Převody | H38: Převod z 2019 | I38: =F38&"_"&G38&"_"&H38 -> 2026_Převody_Převod z 2019
C39: =-SUMIFS('Rozpočet - průběžný stav'!K:K,'Rozpočet - průběžný stav'!A:A,I39) -> 0 | F39: =$F$1 -> 2026 | G39: Převody | H39: převod | I39: =F39&"_"&G39&"_"&H39 -> 2026_Převody_převod
C40: =-SUMIFS('Rozpočet - průběžný stav'!K:K,'Rozpočet - průběžný stav'!A:A,I40) -> 0 | F40: =$F$1 -> 2026 | G40: Převody | H40: stav | I40: =F40&"_"&G40&"_"&H40 -> 2026_Převody_stav
A43: Rekapitulace | B43: =CONCAT("Plán ",$F$1) -> Plán 2026 | C43: =CONCAT("Plnění ",$F$1) -> Plnění 2026 | D43: Rozdíl
A44: Převod z 2024 | B44: =B2 -> 108166 | C44: =B44 -> 108166
A45: Příjmy běžný provoz | B45: =B10 -> 86805 | C45: =C10 -> 0
A46: Příjmy podpora činnosti | B46: =B28 -> 0 | C46: =C28 -> 0
A47: Celkem příjmy 2025 | B47: =B45+B46 -> 86805 | C47: =C45+C46 -> 0
A48: Výdaje běžný provoz | B48: =-B20 -> -104700 | C48: =-C20 -> 0
A49: Výdaje podpora činnosti | B49: =-B33 -> -35000 | C49: =-C33 -> 0
A50: Celkem výdaje 2025 | B50: =B48+B49 -> -139700 | C50: =C48+C49 -> 0
A51: (Bilance běžný provoz) | B51: =B45+B48 -> -17895 | C51: =C45+C48 -> 0 | E51: Příjmy příspěvky - výdaje běžný provoz
A52: (Bilance podpora činnosti) | B52: =B46+B49 -> -35000 | C52: =C46+C49 -> 0 | E52: Příjmy dotace, dary, Hamerák - výdaje podpora činnosti
A53: (Bilance Hamerák) | B53: =B26-B32 -> -5000 | C53: =C26-C32 -> 0 | E53: Příjmy Hamerák - výdaje Hamerák
A54: Bilance 2025 | B54: =B47+B50 -> -52895 | C54: =C47+C50 -> 0
A55: Převod do 2026 | B55: =B44+B47+B50 -> 55271 | C55: =C44+C47+C50 -> 108166
C56: až po uzavření roku bude odpovídat
A58: Stress test
A59: Zátěžový test: výsledek příštího roku bez příjmů z Hameráku | C59: (převod do dalšího roku mínus výdaje podpora činnosti v 2021 > 80.000?)
A60: Povinná rezerva | B60: 80000 | C60: 80000
A61: Podpora činnosti - výdaje | B61: =-B49 -> 35000 | C61: =-B49 -> 35000
A62: Převod do 2025 | B62: =B55 -> 55271 | C62: =C55 -> 108166 | D62: zátěžový test - výsledek konec 2022
A63: 2Y Stress test výsledek? | B63: =B62-B$61 -> 20271 | C63: =C62-C$61 -> 73166 | D63: zátěžový test - výsledek konec 2023
A64: 3Y Stress test výsledek? | B64: =B63-B$61 -> -14729 | C64: =C63-C$61 -> 38166 | D64: zátěžový test - výsledek konec 2024
A65: 4Y Stress test výsledek? | B65: =B64-B$61 -> -49729 | C65: =C64-C$61 -> 3166 | D65: zátěžový test - výsledek konec 2025
A66: Koeficient rezervy (v letech): | B66: =1+(B62-B60)/B61 -> 0.29345714 | C66: =1+(C62-C60)/C61 -> 1.8047429 | D66: jak dlouho vydržíme s plnou podporou činnosti oddílu bez Hameráku

Sheet Rozpočet 2025
A1: =CONCAT("Rozpočet OVT ",$F$1) -> Rozpočet OVT 2025 | B1: Plán | C1: Plnění | D1: Rozdíl | F1: 2025
A2: =CONCAT("Převod z roku ",$F$1-1) -> Převod z roku 2024 | B2: 158324 | C2: automaticky z průběžného stavu
F3: Údaje pro automatické doplnění sloupce "Plnění" z listu "Rozpočet - průběžný stav"
A4: Kapitola běžný provoz | B4: =CONCAT("Plán ",$F$1) -> Plán 2025 | C4: =CONCAT("Plnění ",$F$1) -> Plnění 2025 | D4: Rozdíl | F4: Rok | G4: Skupina | H4: Kategorie | I4: Klíč
A5: Příjmy | D5: rozdíl
A6: Příspěvky | B6: 65000 | C6: =SUMIFS('Rozpočet - průběžný stav'!K:K,'Rozpočet - průběžný stav'!A:A,I6) -> 56600 | D6: =C6-B6 -> -8400 | F6: =$F$1 -> 2025 | G6: Běžný provoz | H6: =A6 -> Příspěvky | I6: =F6&"_"&G6&"_"&H6 -> 2025_Běžný provoz_Příspěvky
A7: Přeúčtování TOM | B7: 14305 | C7: =SUMIFS('Rozpočet - průběžný stav'!K:K,'Rozpočet - průběžný stav'!A:A,I7) -> 0 | D7: =C7-B7 -> -14305 | F7: =$F$1 -> 2025 | G7: Běžný provoz | H7: =A7 -> Přeúčtování TOM | I7: =F7&"_"&G7&"_"&H7 -> 2025_Běžný provoz_Přeúčtování TOM | K7: Oddílová soutěž
A8: Příjem půjčení vleků | B8: 5000 | C8: =SUMIFS('Rozpočet - průběžný stav'!K:K,'Rozpočet - průběžný stav'!A:A,I8) -> 0 | D8: =C8-B8 -> -5000 | F8: =$F$1 -> 2025 | G8: Běžný provoz | H8: =A8 -> Příjem půjčení vleků | I8: =F8&"_"&G8&"_"&H8 -> 2025_Běžný provoz_Příjem půjčení vleků
A9: Ostatní | B9: 2500 | C9: =SUMIFS('Rozpočet - průběžný stav'!K:K,'Rozpočet - průběžný stav'!A:A,I9) -> 2755.74 | D9: =C9-B9 -> 255.74 | F9: =$F$1 -> 2025 | G9: Běžný provoz | H9: =A9 -> Ostatní | I9: =F9&"_"&G9&"_"&H9 -> 2025_Běžný provoz_Ostatní
A10: Příjmy běžný provoz celkem | B10: =SUM(B6:B9) -> 86805 | C10: =SUM(C6:C9) -> 59355.74 | D10: =C10-B10 -> -27449.26 | K10: Nejlepší ženy: | L10: doplnit
A12: Výdaje | K12: Katka Měrková | L12: 1000
A13: Interní nájmy | B13: 90000 | C13: =-SUMIFS('Rozpočet - průběžný stav'!K:K,'Rozpočet - průběžný stav'!A:A,I13) -> 84914 | D13: =C13-B13 -> -5086 | F13: =$F$1 -> 2025 | G13: Běžný provoz | H13: =A13 -> Interní nájmy | I13: =F13&"_"&G13&"_"&H13 -> 2025_Běžný provoz_Interní nájmy | K13: Kateřina Šedivá | L13: 800
A14: Interní nájmy ostatní | C14: =-SUMIFS('Rozpočet - průběžný stav'!K:K,'Rozpočet - průběžný stav'!A:A,I14) -> 0 | D14: =C14-B14 -> 0 | F14: =$F$1 -> 2025 | G14: Běžný provoz | H14: =A14 -> Interní nájmy ostatní | I14: =F14&"_"&G14&"_"&H14 -> 2025_Běžný provoz_Interní nájmy ostatní | K14: Bára Bernardová | L14: 600
A15: Příspěvky ČSK | B15: 1300 | C15: =-SUMIFS('Rozpočet - průběžný stav'!K:K,'Rozpočet - průběžný stav'!A:A,I15) -> 1840 | D15: =C15-B15 -> 540 | E15: více je TOM, viz přeúčtování TOM | F15: =$F$1 -> 2025 | G15: Běžný provoz | H15: =A15 -> Příspěvky ČSK | I15: =F15&"_"&G15&"_"&H15 -> 2025_Běžný provoz_Příspěvky ČSK | K15: Nejlepší muži: | L15: doplnit
A16: Příspěvky TJ Bohemians | C16: =-SUMIFS('Rozpočet - průběžný stav'!K:K,'Rozpočet - průběžný stav'!A:A,I16) -> 4800 | D16: =C16-B16 -> 4800 | F16: =$F$1 -> 2025 | G16: Běžný provoz | H16: Příspěvky TJ Bohemians | I16: =F16&"_"&G16&"_"&H16 -> 2025_Běžný provoz_Příspěvky TJ Bohemians
A17: Údržba vleků | B17: 6000 | C17: =-SUMIFS('Rozpočet - průběžný stav'!K:K,'Rozpočet - průběžný stav'!A:A,I17) -> 0 | D17: =C17-B17 -> -6000 | E17: náklady na vleky jsou napůl s TOM, viz přeúčtování TOM | F17: =$F$1 -> 2025 | G17: Běžný provoz | H17: =A17 -> Údržba vleků | I17: =F17&"_"&G17&"_"&H17 -> 2025_Běžný provoz_Údržba vleků | K17: Jiří Klíma | L17: 1000
A18: Materiál | B18: 0 | C18: =-SUMIFS('Rozpočet - průběžný stav'!K:K,'Rozpočet - průběžný stav'!A:A,I18) -> 2940 | D18: =C18-B18 -> 2940 | F18: =$F$1 -> 2025 | G18: Běžný provoz | H18: =A18 -> Materiál | I18: =F18&"_"&G18&"_"&H18 -> 2025_Běžný provoz_Materiál | K18: Jáchym Kopřiva | L18: 800
A19: Výdaje ostatní | B19: 600 | C19: =-SUMIFS('Rozpočet - průběžný stav'!K:K,'Rozpočet - průběžný stav'!A:A,I19) -> 0 | D19: =C19-B19 -> -600 | E19: webhosting | F19: =$F$1 -> 2025 | G19: Běžný provoz | H19: =A19 -> Výdaje ostatní | I19: =F19&"_"&G19&"_"&H19 -> 2025_Běžný provoz_Výdaje ostatní | K19: Martin Kříž | L19: 600
A20: Výdaje běžný provoz celkem | B20: =SUM(B12:B19) -> 97900 | C20: =SUM(C12:C19) -> 94494 | D20: =C20-B20 -> -3406
A22: Bilance běžný provoz | B22: =B10-B20 -> -11095 | C22: =C10-C20 -> -35138.26 | D22: =C22-B22 -> -24043.26
A24: Kapitola podpora činnosti | B24: =CONCAT("Plán ",$F$1) -> Plán 2025 | C24: =CONCAT("Plnění ",$F$1) -> Plnění 2025 | D24: Rozdíl | F24: Rok | G24: Skupina | H24: Kategorie | I24: Klíč
A25: Příjmy
A26: Příjem Hamerák | B26: 0 | C26: =SUMIFS('Rozpočet - průběžný stav'!K:K,'Rozpočet - průběžný stav'!A:A,I26) -> 31000 | F26: =$F$1 -> 2025 | G26: Hamerák-akce | H26: Hamerák finance | I26: =F26&"_"&G26&"_"&H26 -> 2025_Hamerák-akce_Hamerák finance
A27: Příjmy dotace a dary | B27: 0 | C27: =SUMIFS('Rozpočet - průběžný stav'!K:K,'Rozpočet - průběžný stav'!A:A,I27) -> 0 | D27: =C27-B27 -> 0 | F27: =$F$1 -> 2025 | G27: Podpora činnosti | H27: =A27 -> Příjmy dotace a dary | I27: =F27&"_"&G27&"_"&H27 -> 2025_Podpora činnosti_Příjmy dotace a dary
A28: Příjmy podpora činnosti celkem | B28: =SUM(B25:B27) -> 0 | C28: =SUM(C25:C27) -> 31000 | D28: =C28-B28 -> 31000
A30: Výdaje
A31: Podpora akcí | B31: 30000 | C31: =-SUMIFS('Rozpočet - průběžný stav'!K:K,'Rozpočet - průběžný stav'!A:A,I31) -> 15680.2 | D31: =C31-B31 -> -14319.8 | F31: =$F$1 -> 2025 | G31: Podpora činnosti | H31: =A31 -> Podpora akcí | I31: =F31&"_"&G31&"_"&H31 -> 2025_Podpora činnosti_Podpora akcí
A32: Hamerák příprava výdaje | B32: 5000 | C32: =-SUMIFS('Rozpočet - průběžný stav'!K:K,'Rozpočet - průběžný stav'!A:A,I32) -> 30340 | D32: =C32-B32 -> 25340 | F32: =$F$1 -> 2025 | G32: Hamerák-akce | H32: Náklady příprava | I32: =F32&"_"&G32&"_"&H32 -> 2025_Hamerák-akce_Náklady příprava | K32: Výsledek Hamerák: | L32: =C26-#REF!-C32 -> #REF!
A33: Výdaje podpora činnosti celkem | B33: =sum(B31:B32) -> 35000 | C33: =sum(C31:C32) -> 46020.2 | D33: =C33-B33 -> 11020.2
A35: Bilance podpora činnosti | B35: =B28-B33 -> -35000 | C35: =C28-C33 -> -15020.2 | D35: =C35-B35 -> 19979.8
A37: Bilance Hamerák | B37: 0 | C37: =C26-C32 -> 660
C38: =-SUMIFS('Rozpočet - průběžný stav'!K:K,'Rozpočet - průběžný stav'!A:A,I38) -> 0 | F38: =$F$1 -> 2025 | G38: Převody | H38: Převod z 2019 | I38: =F38&"_"&G38&"_"&H38 -> 2025_Převody_Převod z 2019
C39: =-SUMIFS('Rozpočet - průběžný stav'!K:K,'Rozpočet - průběžný stav'!A:A,I39) -> 0 | F39: =$F$1 -> 2025 | G39: Převody | H39: převod | I39: =F39&"_"&G39&"_"&H39 -> 2025_Převody_převod
C40: =-SUMIFS('Rozpočet - průběžný stav'!K:K,'Rozpočet - průběžný stav'!A:A,I40) -> 0 | F40: =$F$1 -> 2025 | G40: Převody | H40: stav | I40: =F40&"_"&G40&"_"&H40 -> 2025_Převody_stav
A43: Rekapitulace | B43: =CONCAT("Plán ",$F$1) -> Plán 2025 | C43: =CONCAT("Plnění ",$F$1) -> Plnění 2025 | D43: Rozdíl
A44: Převod z 2024 | B44: =B2 -> 158324 | C44: =B44 -> 158324
A45: Příjmy běžný provoz | B45: =B10 -> 86805 | C45: =C10 -> 59355.74
A46: Příjmy podpora činnosti | B46: =B28 -> 0 | C46: =C28 -> 31000
A47: Celkem příjmy 2025 | B47: =B45+B46 -> 86805 | C47: =C45+C46 -> 90355.74
A48: Výdaje běžný provoz | B48: =-B20 -> -97900 | C48: =-C20 -> -94494
A49: Výdaje podpora činnosti | B49: =-B33 -> -35000 | C49: =-C33 -> -46020.2
A50: Celkem výdaje 2025 | B50: =B48+B49 -> -132900 | C50: =C48+C49 -> -140514.2
A51: (Bilance běžný provoz) | B51: =B45+B48 -> -11095 | C51: =C45+C48 -> -35138.26 | E51: Příjmy příspěvky - výdaje běžný provoz
A52: (Bilance podpora činnosti) | B52: =B46+B49 -> -35000 | C52: =C46+C49 -> -15020.2 | E52: Příjmy dotace, dary, Hamerák - výdaje podpora činnosti
A53: (Bilance Hamerák) | B53: =B26-B32 -> -5000 | C53: =C26-C32 -> 660 | E53: Příjmy Hamerák - výdaje Hamerák
A54: Bilance 2025 | B54: =B47+B50 -> -46095 | C54: =C47+C50 -> -50158.46
A55: Převod do 2026 | B55: =B44+B47+B50 -> 112229 | C55: =C44+C47+C50 -> 108165.54
C56: až po uzavření roku bude odpovídat
A58: Stress test
A59: Zátěžový test: výsledek příštího roku bez příjmů z Hameráku | C59: (převod do dalšího roku mínus výdaje podpora činnosti v 2021 > 80.000?)
A60: Povinná rezerva | B60: 80000 | C60: 80000
A61: Podpora činnosti - výdaje | B61: =-B49 -> 35000 | C61: =-B49 -> 35000
A62: Převod do 2025 | B62: =B55 -> 112229 | C62: =C55 -> 108165.54 | D62: zátěžový test - výsledek konec 2022
A63: 2Y Stress test výsledek? | B63: =B62-B$61 -> 77229 | C63: =C62-C$61 -> 73165.54 | D63: zátěžový test - výsledek konec 2023
A64: 3Y Stress test výsledek? | B64: =B63-B$61 -> 42229 | C64: =C63-C$61 -> 38165.54 | D64: zátěžový test - výsledek konec 2024
A65: 4Y Stress test výsledek? | B65: =B64-B$61 -> 7229 | C65: =C64-C$61 -> 3165.54 | D65: zátěžový test - výsledek konec 2025
A66: Koeficient rezervy (v letech): | B66: =1+(B62-B60)/B61 -> 1.9208286 | C66: =1+(C62-C60)/C61 -> 1.8047297 | D66: jak dlouho vydržíme s plnou podporou činnosti oddílu bez Hameráku

Sheet Rozpočet 2024
A1: =CONCAT("Rozpočet OVT ",$F$1) -> Rozpočet OVT 2024 | B1: Plán | C1: Plnění | D1: Rozdíl | F1: 2024
A2: =CONCAT("Převod z roku ",$F$1-1) -> Převod z roku 2023 | B2: 181921 | C2: automaticky z průběžného stavu
F3: Údaje pro automatické doplnění sloupce "Plnění" z listu "Rozpočet - průběžný stav"
A4: Kapitola běžný provoz | B4: =CONCAT("Plán ",$F$1) -> Plán 2024 | C4: =CONCAT("Plnění ",$F$1) -> Plnění 2024 | D4: Rozdíl | F4: Rok | G4: Skupina | H4: Kategorie | I4: Klíč
A5: Příjmy | D5: rozdíl
A6: Příspěvky | B6: 65000 | C6: =SUMIFS('Rozpočet - průběžný stav'!K:K,'Rozpočet - průběžný stav'!A:A,I6) -> 68400 | D6: =C6-B6 -> 3400 | F6: =$F$1 -> 2024 | G6: Běžný provoz | H6: =A6 -> Příspěvky | I6: =F6&"_"&G6&"_"&H6 -> 2024_Běžný provoz_Příspěvky
A7: Přeúčtování TOM | B7: 14305 | C7: =SUMIFS('Rozpočet - průběžný stav'!K:K,'Rozpočet - průběžný stav'!A:A,I7) -> 0 | F7: =$F$1 -> 2024 | G7: Běžný provoz | H7: =A7 -> Přeúčtování TOM | I7: =F7&"_"&G7&"_"&H7 -> 2024_Běžný provoz_Přeúčtování TOM | K7: Oddílová soutěž
A8: Příjem půjčení vleků | B8: 5000 | C8: =SUMIFS('Rozpočet - průběžný stav'!K:K,'Rozpočet - průběžný stav'!A:A,I8) -> 0 | D8: =C8-B8 -> -5000 | F8: =$F$1 -> 2024 | G8: Běžný provoz | H8: =A8 -> Příjem půjčení vleků | I8: =F8&"_"&G8&"_"&H8 -> 2024_Běžný provoz_Příjem půjčení vleků
A9: Ostatní | C9: =SUMIFS('Rozpočet - průběžný stav'!K:K,'Rozpočet - průběžný stav'!A:A,I9) -> 2954.46 | F9: =$F$1 -> 2024 | G9: Běžný provoz | H9: =A9 -> Ostatní | I9: =F9&"_"&G9&"_"&H9 -> 2024_Běžný provoz_Ostatní
A10: Příjmy běžný provoz celkem | B10: =SUM(B6:B9) -> 84305 | C10: =SUM(C6:C9) -> 71354.46 | D10: =C10-B10 -> -12950.54 | K10: Nejlepší ženy: | L10: doplnit
A12: Výdaje | L12: 1000
A13: Interní nájmy | B13: 85484 | C13: =-SUMIFS('Rozpočet - průběžný stav'!K:K,'Rozpočet - průběžný stav'!A:A,I13) -> 92704 | D13: =C13-B13 -> 7220 | F13: =$F$1 -> 2024 | G13: Běžný provoz | H13: =A13 -> Interní nájmy | I13: =F13&"_"&G13&"_"&H13 -> 2024_Běžný provoz_Interní nájmy | L13: 800
A14: Interní nájmy ostatní | C14: =-SUMIFS('Rozpočet - průběžný stav'!K:K,'Rozpočet - průběžný stav'!A:A,I14) -> 0 | D14: =C14-B14 -> 0 | F14: =$F$1 -> 2024 | G14: Běžný provoz | H14: =A14 -> Interní nájmy ostatní | I14: =F14&"_"&G14&"_"&H14 -> 2024_Běžný provoz_Interní nájmy ostatní | L14: 600
A15: Příspěvky ČSK | B15: 1300 | C15: =-SUMIFS('Rozpočet - průběžný stav'!K:K,'Rozpočet - průběžný stav'!A:A,I15) -> 1270 | D15: =C15-B15 -> -30 | E15: více je TOM, viz přeúčtování TOM | F15: =$F$1 -> 2024 | G15: Běžný provoz | H15: =A15 -> Příspěvky ČSK | I15: =F15&"_"&G15&"_"&H15 -> 2024_Běžný provoz_Příspěvky ČSK | K15: Nejlepší muži: | L15: doplnit
A16: Údržba vleků | B16: 5000 | C16: =-SUMIFS('Rozpočet - průběžný stav'!K:K,'Rozpočet - průběžný stav'!A:A,I16) -> 8481 | D16: =C16-B16 -> 3481 | E16: náklady na vleky jsou napůl s TOM, viz přeúčtování TOM | F16: =$F$1 -> 2024 | G16: Běžný provoz | H16: =A16 -> Údržba vleků | I16: =F16&"_"&G16&"_"&H16 -> 2024_Běžný provoz_Údržba vleků | L16: 1000
A17: Materiál | B17: 1000 | C17: =-SUMIFS('Rozpočet - průběžný stav'!K:K,'Rozpočet - průběžný stav'!A:A,I17) -> 0 | D17: =C17-B17 -> -1000 | F17: =$F$1 -> 2024 | G17: Běžný provoz | H17: =A17 -> Materiál | I17: =F17&"_"&G17&"_"&H17 -> 2024_Běžný provoz_Materiál | L17: 800
A18: Výdaje ostatní | C18: =-SUMIFS('Rozpočet - průběžný stav'!K:K,'Rozpočet - průběžný stav'!A:A,I18) -> 3555 | D18: =C18-B18 -> 3555 | F18: =$F$1 -> 2024 | G18: Běžný provoz | H18: =A18 -> Výdaje ostatní | I18: =F18&"_"&G18&"_"&H18 -> 2024_Běžný provoz_Výdaje ostatní | L18: 600
A19: Výdaje běžný provoz celkem | B19: =SUM(B12:B18) -> 92784 | C19: =SUM(C12:C18) -> 106010 | D19: =C19-B19 -> 13226
A21: Bilance běžný provoz | B21: =B10-B19 -> -8479 | C21: =C10-C19 -> -34655.54 | D21: =C21-B21 -> -26176.54
A23: Kapitola podpora činnosti | B23: =CONCAT("Plán ",$F$1) -> Plán 2024 | C23: =CONCAT("Plnění ",$F$1) -> Plnění 2024 | D23: Rozdíl | F23: Rok | G23: Skupina | H23: Kategorie | I23: Klíč
A24: Příjmy
A25: Příjem Hamerák | B25: 0 | C25: =SUMIFS('Rozpočet - průběžný stav'!K:K,'Rozpočet - průběžný stav'!A:A,I25) -> 27578 | D25: =C25-B25 -> 27578 | F25: =$F$1 -> 2024 | G25: Hamerák-akce | H25: Hamerák finance | I25: =F25&"_"&G25&"_"&H25 -> 2024_Hamerák-akce_Hamerák finance
A26: Příjmy dotace a dary | B26: 2000 | C26: =SUMIFS('Rozpočet - průběžný stav'!K:K,'Rozpočet - průběžný stav'!A:A,I26) -> 0 | D26: =C26-B26 -> -2000 | F26: =$F$1 -> 2024 | G26: Podpora činnosti | H26: =A26 -> Příjmy dotace a dary | I26: =F26&"_"&G26&"_"&H26 -> 2024_Podpora činnosti_Příjmy dotace a dary
A27: Příjmy podpora činnosti celkem | B27: =SUM(B24:B26) -> 2000 | C27: =SUM(C24:C26) -> 27578 | D27: =C27-B27 -> 25578
A29: Výdaje
A30: Podpora akcí | B30: 30000 | C30: =-SUMIFS('Rozpočet - průběžný stav'!K:K,'Rozpočet - průběžný stav'!A:A,I30) -> 15119.22 | D30: =C30-B30 -> -14880.78 | F30: =$F$1 -> 2024 | G30: Podpora činnosti | H30: =A30 -> Podpora akcí | I30: =F30&"_"&G30&"_"&H30 -> 2024_Podpora činnosti_Podpora akcí
A31: Hamerák příprava výdaje | B31: 0 | C31: =-SUMIFS('Rozpočet - průběžný stav'!K:K,'Rozpočet - průběžný stav'!A:A,I31) -> 1400 | D31: =C31-B31 -> 1400 | F31: =$F$1 -> 2024 | G31: Hamerák-akce | H31: Náklady příprava | I31: =F31&"_"&G31&"_"&H31 -> 2024_Hamerák-akce_Náklady příprava | K31: Výsledek Hamerák: | L31: =C25-#REF!-C31 -> #REF!
A32: Výdaje podpora činnosti celkem | B32: =sum(B30:B31) -> 30000 | C32: =sum(C30:C31) -> 16519.22 | D32: =C32-B32 -> -13480.78
A34: Bilance podpora činnosti | B34: =B27-B32 -> -28000 | C34: =C27-C32 -> 11058.78 | D34: =C34-B34 -> 39058.78
A36: Bilance Hamerák | B36: 0 | C36: =C25-C31 -> 26178
C37: =-SUMIFS('Rozpočet - průběžný stav'!K:K,'Rozpočet - průběžný stav'!A:A,I37) -> 0 | F37: =$F$1 -> 2024 | G37: Převody | H37: Převod z 2019 | I37: =F37&"_"&G37&"_"&H37 -> 2024_Převody_Převod z 2019
C38: =-SUMIFS('Rozpočet - průběžný stav'!K:K,'Rozpočet - průběžný stav'!A:A,I38) -> 0 | F38: =$F$1 -> 2024 | G38: Převody | H38: převod | I38: =F38&"_"&G38&"_"&H38 -> 2024_Převody_převod
C39: =-SUMIFS('Rozpočet - průběžný stav'!K:K,'Rozpočet - průběžný stav'!A:A,I39) -> 0 | F39: =$F$1 -> 2024 | G39: Převody | H39: stav | I39: =F39&"_"&G39&"_"&H39 -> 2024_Převody_stav
A42: Rekapitulace | B42: =CONCAT("Plán ",$F$1) -> Plán 2024 | C42: =CONCAT("Plnění ",$F$1) -> Plnění 2024 | D42: Rozdíl
A43: Převod z 20223 | B43: =B2 -> 181921 | C43: =B43 -> 181921
A44: Příjmy běžný provoz | B44: =B10 -> 84305 | C44: =C10 -> 71354.46 | D44: =C44-B44 -> -12950.54
A45: Příjmy podpora činnosti | B45: =B27 -> 2000 | C45: =C27 -> 27578 | D45: =C45-B45 -> 25578
A46: Celkem příjmy 2023 | B46: =B44+B45 -> 86305 | C46: =C44+C45 -> 98932.46 | D46: =C46-B46 -> 12627.46
A47: Výdaje běžný provoz | B47: =-B19 -> -92784 | C47: =-C19 -> -106010 | D47: =C47-B47 -> -13226
A48: Výdaje podpora činnosti | B48: =-B32 -> -30000 | C48: =-C32 -> -16519.22 | D48: =C48-B48 -> 13480.78
A49: Celkem výdaje 2023 | B49: =B47+B48 -> -122784 | C49: =C47+C48 -> -122529.22 | D49: =C49-B49 -> 254.78
A50: (Bilance běžný provoz) | B50: =B44+B47 -> -8479 | C50: =C44+C47 -> -34655.54 | D50: =C50-B50 -> -26176.54 | E50: Příjmy příspěvky - výdaje běžný provoz
A51: (Bilance podpora činnosti) | B51: =B45+B48 -> -28000 | C51: =C45+C48 -> 11058.78 | D51: =C51-B51 -> 39058.78 | E51: Příjmy dotace, dary, Hamerák - výdaje podpora činnosti
A52: (Bilance Hamerák) | B52: =B25-B31 -> 0 | C52: =C25-C31 -> 26178 | D52: =C52-B52 -> 26178 | E52: Příjmy Hamerák - výdaje Hamerák
A53: Bilance 2023 | B53: =B46+B49 -> -36479 | C53: =C46+C49 -> -23596.76 | D53: =C53-B53 -> 12882.24
A54: Převod do 2024 | B54: =B43+B46+B49 -> 145442 | C54: =C43+C46+C49 -> 158324.24 | D54: =C54-B54 -> 12882.24
C55: až po uzavření roku bude odpovídat
A57: Stress test
A58: Zátěžový test: výsledek příštího roku bez příjmů z Hameráku | C58: (převod do dalšího roku mínus výdaje podpora činnosti v 2021 > 80.000?)
A59: Povinná rezerva | B59: 80000 | C59: 80000
A60: Podpora činnosti - výdaje | B60: =-B48 -> 30000 | C60: =-B48 -> 30000
A61: Převod do 2023 | B61: =B54 -> 145442 | C61: =C54 -> 158324.24 | D61: zátěžový test - výsledek konec 2022
A62: 2Y Stress test výsledek? | B62: =B61-B$60 -> 115442 | C62: =C61-C$60 -> 128324.24 | D62: zátěžový test - výsledek konec 2023
A63: 3Y Stress test výsledek? | B63: =B62-B$60 -> 85442 | C63: =C62-C$60 -> 98324.24 | D63: zátěžový test - výsledek konec 2024
A64: 4Y Stress test výsledek? | B64: =B63-B$60 -> 55442 | C64: =C63-C$60 -> 68324.24 | D64: zátěžový test - výsledek konec 2025
A65: Koeficient rezervy (v letech): | B65: =1+(B61-B59)/B60 -> 3.1814 | C65: =1+(C61-C59)/C60 -> 3.610808 | D65: jak dlouho vydržíme s plnou podporou činnosti oddílu bez Hameráku

Sheet Vývoj rozpočtu
A1: Rok | B1: Stav na konci
A2: 2017 | B2: 121759
A3: 2018 | B3: 133443
A4: 2019 | B4: 169424
A5: 2020 | B5: 192476
A6: 2021 | B6: 246189
A7: 2022 | B7: 219956
A8: 2023 | B8: 181921
A9: 2024 | B9: 158324
A10: 2025
A11: 2026
A12: 2027
A13: 2028
A14: 2029

Sheet Rozpočet 2023
A1: Rozpočet OVT 2023 | B1: Plán | C1: Plnění | D1: Rozdíl
A2: Převod z roku 2022 | B2: 219956 | C2: automaticky z průběžného stavu
F3: Údaje pro automatické doplnění sloupce "Plnění" z listu "Rozpočet - průběžný stav"
A4: Kapitola běžný provoz | B4: Plán 2023 | C4: Plnění 2023 | D4: Rozdíl | F4: Rok | G4: Skupina | H4: Kategorie | I4: Klíč
A5: Příjmy | D5: rozdíl
A6: Příspěvky | B6: 53000 | C6: =SUMIFS('Rozpočet - průběžný stav'!K:K,'Rozpočet - průběžný stav'!A:A,I6) -> 66150 | D6: =C6-B6 -> 13150 | F6: 2023 | G6: Běžný provoz | H6: =A6 -> Příspěvky | I6: =F6&"_"&G6&"_"&H6 -> 2023_Běžný provoz_Příspěvky
A7: Přeúčtování TOM | B7: 2117 | C7: =SUMIFS('Rozpočet - průběžný stav'!K:K,'Rozpočet - průběžný stav'!A:A,I7) -> 0 | D7: =C7-B7 -> -2117 | F7: 2023 | G7: Běžný provoz | H7: =A7 -> Přeúčtování TOM | I7: =F7&"_"&G7&"_"&H7 -> 2023_Běžný provoz_Přeúčtování TOM | K7: Oddílová soutěž
A8: Příjem půjčení vleků | B8: 5000 | C8: =SUMIFS('Rozpočet - průběžný stav'!K:K,'Rozpočet - průběžný stav'!A:A,I8) -> 0 | D8: =C8-B8 -> -5000 | F8: 2023 | G8: Běžný provoz | H8: =A8 -> Příjem půjčení vleků | I8: =F8&"_"&G8&"_"&H8 -> 2023_Běžný provoz_Příjem půjčení vleků
A9: Ostatní | C9: =SUMIFS('Rozpočet - průběžný stav'!K:K,'Rozpočet - průběžný stav'!A:A,I9) -> 0 | F9: 2023 | G9: Běžný provoz | H9: =A9 -> Ostatní | I9: =F9&"_"&G9&"_"&H9 -> 2023_Běžný provoz_Ostatní
A10: Příjmy běžný provoz celkem | B10: =SUM(B6:B9) -> 60117 | C10: =SUM(C6:C9) -> 66150 | D10: =C10-B10 -> 6033 | K10: Nejlepší ženy: | L10: doplnit
A12: Výdaje | K12: Katka Měrková | L12: 1000
A13: Interní nájmy | B13: 76000 | C13: =-SUMIFS('Rozpočet - průběžný stav'!K:K,'Rozpočet - průběžný stav'!A:A,I13) -> 85484 | D13: =C13-B13 -> 9484 | F13: 2023 | G13: Běžný provoz | H13: =A13 -> Interní nájmy | I13: =F13&"_"&G13&"_"&H13 -> 2023_Běžný provoz_Interní nájmy | K13: Kateřina Šedivá | L13: 800
A14: Interní nájmy ostatní | C14: =-SUMIFS('Rozpočet - průběžný stav'!K:K,'Rozpočet - průběžný stav'!A:A,I14) -> 0 | D14: =C14-B14 -> 0 | F14: 2023 | G14: Běžný provoz | H14: =A14 -> Interní nájmy ostatní | I14: =F14&"_"&G14&"_"&H14 -> 2023_Běžný provoz_Interní nájmy ostatní | K14: Bára Bernardová | L14: 600
A15: Příspěvky ČSK | B15: 1300 | C15: =-SUMIFS('Rozpočet - průběžný stav'!K:K,'Rozpočet - průběžný stav'!A:A,I15) -> 1370 | D15: =C15-B15 -> 70 | E15: více je TOM, viz přeúčtování TOM | F15: 2023 | G15: Běžný provoz | H15: =A15 -> Příspěvky ČSK | I15: =F15&"_"&G15&"_"&H15 -> 2023_Běžný provoz_Příspěvky ČSK | K15: Nejlepší muži: | L15: doplnit
A16: Údržba vleků | B16: 3000 | C16: =-SUMIFS('Rozpočet - průběžný stav'!K:K,'Rozpočet - průběžný stav'!A:A,I16) -> 16663 | D16: =C16-B16 -> 13663 | E16: náklady na vleky jsou napůl s TOM, viz přeúčtování TOM | F16: 2023 | G16: Běžný provoz | H16: =A16 -> Údržba vleků | I16: =F16&"_"&G16&"_"&H16 -> 2023_Běžný provoz_Údržba vleků | K16: Jiří Klíma | L16: 1000
A17: Materiál | B17: 1000 | C17: =-SUMIFS('Rozpočet - průběžný stav'!K:K,'Rozpočet - průběžný stav'!A:A,I17) -> 0 | D17: =C17-B17 -> -1000 | F17: 2023 | G17: Běžný provoz | H17: =A17 -> Materiál | I17: =F17&"_"&G17&"_"&H17 -> 2023_Běžný provoz_Materiál | K17: Jáchym Kopřiva | L17: 800
A18: Výdaje ostatní | C18: =-SUMIFS('Rozpočet - průběžný stav'!K:K,'Rozpočet - průběžný stav'!A:A,I18) -> 589.27 | D18: =C18-B18 -> 589.27 | E18: webhosting | F18: 2023 | G18: Běžný provoz | H18: =A18 -> Výdaje ostatní | I18: =F18&"_"&G18&"_"&H18 -> 2023_Běžný provoz_Výdaje ostatní | K18: Martin Kříž | L18: 600
A19: Výdaje běžný provoz celkem | B19: =SUM(B12:B18) -> 81300 | C19: =SUM(C12:C18) -> 104106.27 | D19: =C19-B19 -> 22806.27
A21: Bilance běžný provoz | B21: =B10-B19 -> -21183 | C21: =C10-C19 -> -37956.27 | D21: =C21-B21 -> -16773.27
A23: Kapitola podpora činnosti | B23: Plán 2023 | C23: Plnění 2023 | D23: Rozdíl | F23: Rok | G23: Skupina | H23: Kategorie | I23: Klíč
A24: Příjmy
A25: Příjem Hamerák | B25: 0 | C25: =SUMIFS('Rozpočet - průběžný stav'!K:K,'Rozpočet - průběžný stav'!A:A,I25) -> 18631 | F25: 2023 | G25: Hamerák-akce | H25: Hamerák finance | I25: =F25&"_"&G25&"_"&H25 -> 2023_Hamerák-akce_Hamerák finance
A26: Příjmy dotace a dary | B26: 0 | C26: =SUMIFS('Rozpočet - průběžný stav'!K:K,'Rozpočet - průběžný stav'!A:A,I26) -> 3400 | D26: =C26-B26 -> 3400 | F26: 2023 | G26: Podpora činnosti | H26: =A26 -> Příjmy dotace a dary | I26: =F26&"_"&G26&"_"&H26 -> 2023_Podpora činnosti_Příjmy dotace a dary
A27: Příjmy podpora činnosti celkem | B27: =SUM(B24:B26) -> 0 | C27: =SUM(C24:C26) -> 22031 | D27: =C27-B27 -> 22031
A29: Výdaje
A30: Podpora akcí | B30: 30000 | C30: =-SUMIFS('Rozpočet - průběžný stav'!K:K,'Rozpočet - průběžný stav'!A:A,I30) -> 22110 | D30: =C30-B30 -> -7890 | F30: 2023 | G30: Podpora činnosti | H30: =A30 -> Podpora akcí | I30: =F30&"_"&G30&"_"&H30 -> 2023_Podpora činnosti_Podpora akcí
A31: Podpora ČPV | C31: =-SUMIFS('Rozpočet - průběžný stav'!K:K,'Rozpočet - průběžný stav'!A:A,I31) -> 0 | D31: =C31-B31 -> 0 | F31: 2023 | G31: Podpora činnosti | H31: =A31 -> Podpora ČPV | I31: =F31&"_"&G31&"_"&H31 -> 2023_Podpora činnosti_Podpora ČPV
A32: Podpora eskymáků | C32: =-SUMIFS('Rozpočet - průběžný stav'!K:K,'Rozpočet - průběžný stav'!A:A,I32) -> 0 | D32: =C32-B32 -> 0 | F32: 2023 | G32: Podpora činnosti | H32: =A32 -> Podpora eskymáků | I32: =F32&"_"&G32&"_"&H32 -> 2023_Podpora činnosti_Podpora eskymáků
A33: Podpora výcviku záchrany | C33: =-SUMIFS('Rozpočet - průběžný stav'!K:K,'Rozpočet - průběžný stav'!A:A,I33) -> 0 | D33: =C33-B33 -> 0 | F33: 2023 | G33: Podpora činnosti | H33: =A33 -> Podpora výcviku záchrany | I33: =F33&"_"&G33&"_"&H33 -> 2023_Podpora činnosti_Podpora výcviku záchrany
A34: Podpora zahraniční zájezd | C34: =-SUMIFS('Rozpočet - průběžný stav'!K:K,'Rozpočet - průběžný stav'!A:A,I34) -> 0 | D34: =C34-B34 -> 0 | F34: 2023 | G34: Podpora činnosti | H34: =A34 -> Podpora zahraniční zájezd | I34: =F34&"_"&G34&"_"&H34 -> 2023_Podpora činnosti_Podpora zahraniční zájezd
A35: Oddílový den | C35: =-SUMIFS('Rozpočet - průběžný stav'!K:K,'Rozpočet - průběžný stav'!A:A,I35) -> 0 | D35: =C35-B35 -> 0 | F35: 2023 | G35: Podpora činnosti | H35: =A35 -> Oddílový den | I35: =F35&"_"&G35&"_"&H35 -> 2023_Podpora činnosti_Oddílový den
A36: Oddílové vánoce | C36: =-SUMIFS('Rozpočet - průběžný stav'!K:K,'Rozpočet - průběžný stav'!A:A,I36) -> 0 | D36: =C36-B36 -> 0 | F36: 2023 | G36: Podpora činnosti | H36: =A36 -> Oddílové vánoce | I36: =F36&"_"&G36&"_"&H36 -> 2023_Podpora činnosti_Oddílové vánoce
A37: Oddílová soutěž | B37: 0 | C37: =-SUMIFS('Rozpočet - průběžný stav'!K:K,'Rozpočet - průběžný stav'!A:A,I37) -> 0 | D37: =C37-B37 -> 0 | F37: 2023 | G37: Podpora činnosti | H37: =A37 -> Oddílová soutěž | I37: =F37&"_"&G37&"_"&H37 -> 2023_Podpora činnosti_Oddílová soutěž
A38: Materiál | B38: 0 | C38: =-SUMIFS('Rozpočet - průběžný stav'!K:K,'Rozpočet - průběžný stav'!A:A,I38) -> 0 | D38: =C38-B38 -> 0 | F38: 2023 | G38: Podpora činnosti | H38: =A38 -> Materiál | I38: =F38&"_"&G38&"_"&H38 -> 2023_Podpora činnosti_Materiál
A39: Hamerák výbor (večeře) | B39: 0 | C39: =-SUMIFS('Rozpočet - průběžný stav'!K:K,'Rozpočet - průběžný stav'!A:A,I39) -> 0 | D39: =C39-B39 -> 0 | F39: 2023 | G39: Hamerák-akce | H39: Výbor večeře | I39: =F39&"_"&G39&"_"&H39 -> 2023_Hamerák-akce_Výbor večeře
A40: Hamerák ostatní výdaje | B40: 0 | C40: =-SUMIFS('Rozpočet - průběžný stav'!K:K,'Rozpočet - průběžný stav'!A:A,I40) -> 0 | D40: =C40-B40 -> 0 | F40: 2023 | G40: Hamerák-akce | H40: Náklady příprava | I40: =F40&"_"&G40&"_"&H40 -> 2023_Hamerák-akce_Náklady příprava | K40: Výsledek Hamerák: | L40: =C25-C39-C40 -> 18631
A41: Výdaje podpora činnosti celkem | B41: =sum(B30:B40) -> 30000 | C41: =sum(C30:C40) -> 22110 | D41: =C41-B41 -> -7890
A43: Bilance podpora činnosti | B43: =B27-B41 -> -30000 | C43: =C27-C41 -> -79 | D43: =C43-B43 -> 29921
A45: Bilance Hamerák | B45: 0 | C45: =C25-C39-C40 -> 18631
C46: =-SUMIFS('Rozpočet - průběžný stav'!K:K,'Rozpočet - průběžný stav'!A:A,I46) -> 0 | F46: 2023 | G46: Převody | H46: Převod z 2019 | I46: =F46&"_"&G46&"_"&H46 -> 2023_Převody_Převod z 2019
C47: =-SUMIFS('Rozpočet - průběžný stav'!K:K,'Rozpočet - průběžný stav'!A:A,I47) -> 0 | F47: 2023 | G47: Převody | H47: převod | I47: =F47&"_"&G47&"_"&H47 -> 2023_Převody_převod
C48: =-SUMIFS('Rozpočet - průběžný stav'!K:K,'Rozpočet - průběžný stav'!A:A,I48) -> 0 | F48: 2023 | G48: Převody | H48: stav | I48: =F48&"_"&G48&"_"&H48 -> 2023_Převody_stav
A51: Rekapitulace | B51: Plán 2023 | C51: Plnění 2023 | D51: Rozdíl
A52: Převod z 2022 | B52: =B2 -> 219956 | C52: =B52 -> 219956
A53: Příjmy běžný provoz | B53: =B10 -> 60117 | C53: =C10 -> 66150 | D53: =C53-B53 -> 6033
A54: Příjmy podpora činnosti | B54: =B27 -> 0 | C54: =C27 -> 22031 | D54: =C54-B54 -> 22031
A55: Celkem příjmy 2023 | B55: =B53+B54 -> 60117 | C55: =C53+C54 -> 88181 | D55: =C55-B55 -> 28064
A56: Výdaje běžný provoz | B56: =-B19 -> -81300 | C56: =-C19 -> -104106.27 | D56: =C56-B56 -> -22806.27
A57: Výdaje podpora činnosti | B57: =-B41 -> -30000 | C57: =-C41 -> -22110 | D57: =C57-B57 -> 7890
A58: Celkem výdaje 2023 | B58: =B56+B57 -> -111300 | C58: =C56+C57 -> -126216.27 | D58: =C58-B58 -> -14916.27
A59: (Bilance běžný provoz) | B59: =B53+B56 -> -21183 | C59: =C53+C56 -> -37956.27 | D59: =C59-B59 -> -16773.27 | E59: Příjmy příspěvky - výdaje běžný provoz
A60: (Bilance podpora činnosti) | B60: =B54+B57 -> -30000 | C60: =C54+C57 -> -79 | D60: =C60-B60 -> 29921 | E60: Příjmy dotace, dary, Hamerák - výdaje podpora činnosti
A61: (Bilance Hamerák) | B61: =B25-B39-B40 -> 0 | C61: =C25-C39-C40 -> 18631 | D61: =C61-B61 -> 18631 | E61: Příjmy Hamerák - výdaje Hamerák
A62: Bilance 2023 | B62: =B55+B58 -> -51183 | C62: =C55+C58 -> -38035.27 | D62: =C62-B62 -> 13147.73
A63: Převod do 2024 | B63: =B52+B55+B58 -> 168773 | C63: =C52+C55+C58 -> 181920.73 | D63: =C63-B63 -> 13147.73 | E63: 181920.73 | F63: Reálně převedeno
A66: Stress test
A67: Zátěžový test: výsledek příštího roku bez příjmů z Hameráku | C67: (převod do dalšího roku mínus výdaje podpora činnosti v 2021 > 80.000?)
A68: Povinná rezerva | B68: 80000 | C68: 80000
A69: Podpora činnosti - výdaje | B69: =-B57 -> 30000 | C69: =-B57 -> 30000
A70: Převod do 2023 | B70: =B63 -> 168773 | C70: =C63 -> 181920.73 | D70: zátěžový test - výsledek konec 2022
A71: 2Y Stress test výsledek? | B71: =B70-B$69 -> 138773 | C71: =C70-C$69 -> 151920.73 | D71: zátěžový test - výsledek konec 2023
A72: 3Y Stress test výsledek? | B72: =B71-B$69 -> 108773 | C72: =C71-C$69 -> 121920.73 | D72: zátěžový test - výsledek konec 2024
A73: 4Y Stress test výsledek? | B73: =B72-B$69 -> 78773 | C73: =C72-C$69 -> 91920.73 | D73: zátěžový test - výsledek konec 2025
A74: Koeficient rezervy (v letech): | B74: =1+(B70-B68)/B69 -> 3.9591 | C74: =1+(C70-C68)/C69 -> 4.3973577 | D74: jak dlouho vydržíme s plnou podporou činnosti oddílu bez Hameráku

Sheet Rozpočet 2022
A1: Rozpočet OVT 2022 | B1: Plán | C1: (2021 plán) | D1: Plnění | E1: Rozdíl
A2: Převod z roku 2021 | B2: 246189 | D2: automaticky z průběžného stavu
G3: Údaje pro automatické doplnění sloupce "Plnění" z listu "Rozpočet - průběžný stav"
A4: Kapitola běžný provoz | B4: Plán 2022 | C4: (Plán 2021) | D4: Plnění 2022 | E4: Rozdíl | G4: Rok | H4: Skupina | I4: Kategorie | J4: Klíč
A5: Příjmy | E5: rozdíl
A6: Příspěvky | B6: 40000 | C6: 40000 | D6: =SUMIFS('Rozpočet - průběžný stav'!K:K,'Rozpočet - průběžný stav'!A:A,J6) -> 43150 | E6: =D6-B6 -> 3150 | G6: 2022 | H6: Běžný provoz | I6: =A6 -> Příspěvky | J6: =G6&"_"&H6&"_"&I6 -> 2022_Běžný provoz_Příspěvky
A7: Přeúčtování TOM | B7: 10000 | C7: 5500 | D7: =SUMIFS('Rozpočet - průběžný stav'!K:K,'Rozpočet - průběžný stav'!A:A,J7) -> 2117 | G7: 2022 | H7: Běžný provoz | I7: =A7 -> Přeúčtování TOM | J7: =G7&"_"&H7&"_"&I7 -> 2022_Běžný provoz_Přeúčtování TOM | L7: Oddílová soutěž
A8: Příjem půjčení vleků | B8: 5000 | C8: 5000 | D8: =SUMIFS('Rozpočet - průběžný stav'!K:K,'Rozpočet - průběžný stav'!A:A,J8) -> 5000 | E8: =D8-B8 -> 0 | G8: 2022 | H8: Běžný provoz | I8: =A8 -> Příjem půjčení vleků | J8: =G8&"_"&H8&"_"&I8 -> 2022_Běžný provoz_Příjem půjčení vleků
A9: Ostatní | D9: =SUMIFS('Rozpočet - průběžný stav'!K:K,'Rozpočet - průběžný stav'!A:A,J9) -> 0 | G9: 2022 | H9: Běžný provoz | I9: =A9 -> Ostatní | J9: =G9&"_"&H9&"_"&I9 -> 2022_Běžný provoz_Ostatní
A10: Příjmy běžný provoz celkem | B10: =SUM(B6:B9) -> 55000 | C10: =SUM(C6:C9) -> 50500 | D10: =SUM(D6:D9) -> 50267 | E10: =D10-B10 -> -4733 | L10: Nejlepší ženy: | M10: doplnit
A12: Výdaje | L12: Katka Měrková | M12: 1000
A13: Interní nájmy | B13: 52000 | C13: 50000 | D13: =-SUMIFS('Rozpočet - průběžný stav'!K:K,'Rozpočet - průběžný stav'!A:A,J13) -> 58420 | E13: =D13-B13 -> 6420 | G13: 2022 | H13: Běžný provoz | I13: =A13 -> Interní nájmy | J13: =G13&"_"&H13&"_"&I13 -> 2022_Běžný provoz_Interní nájmy | L13: Kateřina Šedivá | M13: 800
A14: Interní nájmy ostatní | D14: =-SUMIFS('Rozpočet - průběžný stav'!K:K,'Rozpočet - průběžný stav'!A:A,J14) -> 0 | E14: =D14-B14 -> 0 | G14: 2022 | H14: Běžný provoz | I14: =A14 -> Interní nájmy ostatní | J14: =G14&"_"&H14&"_"&I14 -> 2022_Běžný provoz_Interní nájmy ostatní | L14: Bára Bernardová | M14: 600
A15: Příspěvky ČSK | B15: 1300 | C15: 630 | D15: =-SUMIFS('Rozpočet - průběžný stav'!K:K,'Rozpočet - průběžný stav'!A:A,J15) -> 1290 | E15: =D15-B15 -> -10 | F15: více je TOM, viz přeúčtování TOM | G15: 2022 | H15: Běžný provoz | I15: =A15 -> Příspěvky ČSK | J15: =G15&"_"&H15&"_"&I15 -> 2022_Běžný provoz_Příspěvky ČSK | L15: Nejlepší muži: | M15: doplnit
A16: Údržba vleků | B16: 3000 | C16: 5000 | D16: =-SUMIFS('Rozpočet - průběžný stav'!K:K,'Rozpočet - průběžný stav'!A:A,J16) -> 1106 | E16: =D16-B16 -> -1894 | F16: náklady na vleky jsou napůl s TOM, viz přeúčtování TOM | G16: 2022 | H16: Běžný provoz | I16: =A16 -> Údržba vleků | J16: =G16&"_"&H16&"_"&I16 -> 2022_Běžný provoz_Údržba vleků | L16: Jiří Klíma | M16: 1000
A17: Materiál | B17: 1000 | C17: 1000 | D17: =-SUMIFS('Rozpočet - průběžný stav'!K:K,'Rozpočet - průběžný stav'!A:A,J17) -> 0 | E17: =D17-B17 -> -1000 | G17: 2022 | H17: Běžný provoz | I17: =A17 -> Materiál | J17: =G17&"_"&H17&"_"&I17 -> 2022_Běžný provoz_Materiál | L17: Jáchym Kopřiva | M17: 800
A18: Výdaje ostatní | D18: =-SUMIFS('Rozpočet - průběžný stav'!K:K,'Rozpočet - průběžný stav'!A:A,J18) -> 497.31 | E18: =D18-B18 -> 497.31 | F18: webhosting | G18: 2022 | H18: Běžný provoz | I18: =A18 -> Výdaje ostatní | J18: =G18&"_"&H18&"_"&I18 -> 2022_Běžný provoz_Výdaje ostatní | L18: Martin Kříž | M18: 600
A19: Výdaje běžný provoz celkem | B19: =SUM(B12:B18) -> 57300 | C19: =SUM(C12:C18) -> 56630 | D19: =SUM(D12:D18) -> 61313.31 | E19: =D19-B19 -> 4013.31
A21: Bilance běžný provoz | B21: =B10-B19 -> -2300 | C21: =C10-C19 -> -6130 | D21: =D10-D19 -> -11046.31 | E21: =D21-B21 -> -8746.31
A23: Kapitola podpora činnosti | B23: Plán 2022 | C23: (Plán 2021) | D23: Plnění 2022 | E23: Rozdíl | G23: Rok | H23: Skupina | I23: Kategorie | J23: Klíč
A24: Příjmy
A25: Příjem Hamerák | B25: 0 | C25: 0 | D25: =SUMIFS('Rozpočet - průběžný stav'!K:K,'Rozpočet - průběžný stav'!A:A,J25) -> -2525 | G25: 2022 | H25: Hamerák-akce | I25: Hamerák finance | J25: =G25&"_"&H25&"_"&I25 -> 2022_Hamerák-akce_Hamerák finance
A26: Příjmy dotace a dary | B26: 0 | C26: 4000 | D26: =SUMIFS('Rozpočet - průběžný stav'!K:K,'Rozpočet - průběžný stav'!A:A,J26) -> 3577 | E26: =D26-B26 -> 3577 | G26: 2022 | H26: Podpora činnosti | I26: =A26 -> Příjmy dotace a dary | J26: =G26&"_"&H26&"_"&I26 -> 2022_Podpora činnosti_Příjmy dotace a dary
A27: Příjmy podpora činnosti celkem | B27: =SUM(B24:B26) -> 0 | C27: =SUM(C24:C26) -> 4000 | D27: =SUM(D24:D26) -> 1052 | E27: =D27-B27 -> 1052
A29: Výdaje
A30: Podpora akcí | B30: 30000 | D30: =-SUMIFS('Rozpočet - průběžný stav'!K:K,'Rozpočet - průběžný stav'!A:A,J30) -> 14839 | E30: =D30-B30 -> -15161 | G30: 2022 | H30: Podpora činnosti | I30: =A30 -> Podpora akcí | J30: =G30&"_"&H30&"_"&I30 -> 2022_Podpora činnosti_Podpora akcí
A31: Podpora ČPV | C31: 10000 | D31: =-SUMIFS('Rozpočet - průběžný stav'!K:K,'Rozpočet - průběžný stav'!A:A,J31) -> 0 | E31: =D31-B31 -> 0 | G31: 2022 | H31: Podpora činnosti | I31: =A31 -> Podpora ČPV | J31: =G31&"_"&H31&"_"&I31 -> 2022_Podpora činnosti_Podpora ČPV
A32: Podpora eskymáků | C32: 0 | D32: =-SUMIFS('Rozpočet - průběžný stav'!K:K,'Rozpočet - průběžný stav'!A:A,J32) -> 0 | E32: =D32-B32 -> 0 | G32: 2022 | H32: Podpora činnosti | I32: =A32 -> Podpora eskymáků | J32: =G32&"_"&H32&"_"&I32 -> 2022_Podpora činnosti_Podpora eskymáků
A33: Podpora výcviku záchrany | C33: 1500 | D33: =-SUMIFS('Rozpočet - průběžný stav'!K:K,'Rozpočet - průběžný stav'!A:A,J33) -> 0 | E33: =D33-B33 -> 0 | G33: 2022 | H33: Podpora činnosti | I33: =A33 -> Podpora výcviku záchrany | J33: =G33&"_"&H33&"_"&I33 -> 2022_Podpora činnosti_Podpora výcviku záchrany
A34: Podpora zahraniční zájezd | C34: 4000 | D34: =-SUMIFS('Rozpočet - průběžný stav'!K:K,'Rozpočet - průběžný stav'!A:A,J34) -> 0 | E34: =D34-B34 -> 0 | G34: 2022 | H34: Podpora činnosti | I34: =A34 -> Podpora zahraniční zájezd | J34: =G34&"_"&H34&"_"&I34 -> 2022_Podpora činnosti_Podpora zahraniční zájezd
A35: Oddílový den | C35: 3000 | D35: =-SUMIFS('Rozpočet - průběžný stav'!K:K,'Rozpočet - průběžný stav'!A:A,J35) -> 0 | E35: =D35-B35 -> 0 | G35: 2022 | H35: Podpora činnosti | I35: =A35 -> Oddílový den | J35: =G35&"_"&H35&"_"&I35 -> 2022_Podpora činnosti_Oddílový den
A36: Oddílové vánoce | C36: 3000 | D36: =-SUMIFS('Rozpočet - průběžný stav'!K:K,'Rozpočet - průběžný stav'!A:A,J36) -> 0 | E36: =D36-B36 -> 0 | G36: 2022 | H36: Podpora činnosti | I36: =A36 -> Oddílové vánoce | J36: =G36&"_"&H36&"_"&I36 -> 2022_Podpora činnosti_Oddílové vánoce
A37: Oddílová soutěž | B37: 4800 | C37: 4800 | D37: =-SUMIFS('Rozpočet - průběžný stav'!K:K,'Rozpočet - průběžný stav'!A:A,J37) -> 1400 | E37: =D37-B37 -> -3400 | G37: 2022 | H37: Podpora činnosti | I37: =A37 -> Oddílová soutěž | J37: =G37&"_"&H37&"_"&I37 -> 2022_Podpora činnosti_Oddílová soutěž
A38: Materiál | B38: 0 | C38: 0 | D38: =-SUMIFS('Rozpočet - průběžný stav'!K:K,'Rozpočet - průběžný stav'!A:A,J38) -> 0 | E38: =D38-B38 -> 0 | G38: 2022 | H38: Podpora činnosti | I38: =A38 -> Materiál | J38: =G38&"_"&H38&"_"&I38 -> 2022_Podpora činnosti_Materiál
A39: Hamerák výbor (večeře) | B39: 0 | C39: 5000 | D39: =-SUMIFS('Rozpočet - průběžný stav'!K:K,'Rozpočet - průběžný stav'!A:A,J39) -> 0 | E39: =D39-B39 -> 0 | G39: 2022 | H39: Hamerák-akce | I39: Výbor večeře | J39: =G39&"_"&H39&"_"&I39 -> 2022_Hamerák-akce_Výbor večeře
A40: Hamerák ostatní výdaje | B40: 0 | C40: 0 | D40: =-SUMIFS('Rozpočet - průběžný stav'!K:K,'Rozpočet - průběžný stav'!A:A,J40) -> 0 | E40: =D40-B40 -> 0 | G40: 2022 | H40: Hamerák-akce | I40: Náklady příprava | J40: =G40&"_"&H40&"_"&I40 -> 2022_Hamerák-akce_Náklady příprava | L40: Výsledek Hamerák: | M40: =D25-D39-D40 -> -2525
A41: Výdaje podpora činnosti celkem | B41: =sum(B30:B40) -> 34800 | C41: =sum(C30:C40) -> 31300 | D41: =sum(D30:D40) -> 16239 | E41: =D41-B41 -> -18561
A43: Bilance podpora činnosti | B43: =B27-B41 -> -34800 | C43: =C27-C41 -> -27300 | D43: =D27-D41 -> -15187 | E43: =D43-B43 -> 19613
A45: Bilance Hamerák | B45: 0 | C45: 0 | D45: =D25-D39-D40 -> -2525
D46: =-SUMIFS('Rozpočet - průběžný stav'!K:K,'Rozpočet - průběžný stav'!A:A,J46) -> 0 | G46: 2022 | H46: Převody | I46: Převod z 2019 | J46: =G46&"_"&H46&"_"&I46 -> 2022_Převody_Převod z 2019
D47: =-SUMIFS('Rozpočet - průběžný stav'!K:K,'Rozpočet - průběžný stav'!A:A,J47) -> 0 | G47: 2022 | H47: Převody | I47: převod | J47: =G47&"_"&H47&"_"&I47 -> 2022_Převody_převod
D48: =-SUMIFS('Rozpočet - průběžný stav'!K:K,'Rozpočet - průběžný stav'!A:A,J48) -> 0 | G48: 2022 | H48: Převody | I48: stav | J48: =G48&"_"&H48&"_"&I48 -> 2022_Převody_stav
A51: Rekapitulace | B51: Plán 2022 | C51: (Plán 2021) | D51: Plnění 2022 | E51: Rozdíl
A52: Převod z 2021 | B52: =B2 -> 246189 | C52: =B52 -> 246189 | D52: =B52 -> 246189
A53: Příjmy běžný provoz | B53: =B10 -> 55000 | C53: =C10 -> 50500 | D53: =D10 -> 50267
A54: Příjmy podpora činnosti | B54: =B27 -> 0 | C54: =C27 -> 4000 | D54: =D27 -> 1052
A55: Celkem příjmy 2022 | B55: =B53+B54 -> 55000 | C55: =C53+C54 -> 54500 | D55: =D53+D54 -> 51319
A56: Výdaje běžný provoz | B56: =-B19 -> -57300 | C56: =-C19 -> -56630 | D56: =-D19 -> -61313.31
A57: Výdaje podpora činnosti | B57: =-B41 -> -34800 | C57: =-C41 -> -31300 | D57: =-D41 -> -16239
A58: Celkem výdaje 2022 | B58: =B56+B57 -> -92100 | C58: =C56+C57 -> -87930 | D58: =D56+D57 -> -77552.31
A59: (Bilance běžný provoz) | B59: =B53+B56 -> -2300 | C59: =C53+C56 -> -6130 | D59: =D53+D56 -> -11046.31 | F59: Příjmy příspěvky - výdaje běžný provoz
A60: (Bilance podpora činnosti) | B60: =B54+B57 -> -34800 | C60: =C54+C57 -> -27300 | D60: =D54+D57 -> -15187 | F60: Příjmy dotace, dary, Hamerák - výdaje podpora činnosti
A61: (Bilance Hamerák) | B61: =B25-B39-B40 -> 0 | C61: =C25-C39-C40 -> -5000 | D61: =D25-D39-D40 -> -2525 | F61: Příjmy Hamerák - výdaje Hamerák
A62: Bilance 2022 | B62: =B55+B58 -> -37100 | C62: =C55+C58 -> -33430 | D62: =D55+D58 -> -26233.31
A63: Převod do 2023 | B63: =B52+B55+B58 -> 209089 | C63: =C52+C55+C58 -> 212759 | D63: =D52+D55+D58 -> 219955.69 | F63: 219955.69 | G63: Reálně převedeno
A66: Stress test | C66: (2021 plán)
A67: Zátěžový test: výsledek příštího roku bez příjmů z Hameráku | D67: (převod do dalšího roku mínus výdaje podpora činnosti v 2021 > 80.000?)
A68: Povinná rezerva | B68: 80000 | D68: 80000
A69: Podpora činnosti - výdaje | B69: =-B57 -> 34800 | D69: =-B57 -> 34800
A70: Převod do 2023 | B70: =B63 -> 209089 | D70: =D63 -> 219955.69 | E70: zátěžový test - výsledek konec 2022
A71: 2Y Stress test výsledek? | B71: =B70-B$69 -> 174289 | D71: =D70-D$69 -> 185155.69 | E71: zátěžový test - výsledek konec 2023
A72: 3Y Stress test výsledek? | B72: =B71-B$69 -> 139489 | D72: =D71-D$69 -> 150355.69 | E72: zátěžový test - výsledek konec 2024
A73: 4Y Stress test výsledek? | B73: =B72-B$69 -> 104689 | D73: =D72-D$69 -> 115555.69 | E73: zátěžový test - výsledek konec 2025
A74: Koeficient rezervy (v letech): | B74: =1+(B70-B68)/B69 -> 4.709454 | D74: =1+(D70-D68)/D69 -> 5.0217152 | E74: jak dlouho vydržíme s plnou podporou činnosti oddílu bez Hameráku

Sheet Rozpočet 2021
A1: Rozpočet OVT 2021 | B1: Plán | C1: (2020 plán) | D1: Plnění | E1: Rozdíl
A2: Převod z roku 2020 | B2: 192476 | D2: automaticky z průběžného stavu
G3: Údaje pro automatické doplnění sloupce "Plnění" z listu "Rozpočet - průběžný stav"
A4: Kapitola běžný provoz | B4: Plán | C4: Plán 2020 | D4: Plnění 2021 | E4: Rozdíl | G4: Rok | H4: Skupina | I4: Kategorie | J4: Klíč
A5: Příjmy 2021 | E5: rozdíl
A6: Příspěvky | B6: 40000 | C6: 60000 | D6: =SUMIFS('Rozpočet - průběžný stav'!K:K,'Rozpočet - průběžný stav'!A:A,J6) -> 45000 | E6: =D6-B6 -> 5000 | G6: 2021 | H6: Běžný provoz | I6: =A6 -> Příspěvky | J6: =G6&"_"&H6&"_"&I6 -> 2021_Běžný provoz_Příspěvky
A7: Přeúčtování TOM | B7: 5500 | C7: 5500 | D7: =SUMIFS('Rozpočet - průběžný stav'!K:K,'Rozpočet - průběžný stav'!A:A,J7) -> 0 | G7: 2021 | H7: Běžný provoz | I7: =A7 -> Přeúčtování TOM | J7: =G7&"_"&H7&"_"&I7 -> 2021_Běžný provoz_Přeúčtování TOM | L7: Oddílová soutěž
A8: Příjem půjčení vleků | B8: 5000 | C8: 5000 | D8: =SUMIFS('Rozpočet - průběžný stav'!K:K,'Rozpočet - průběžný stav'!A:A,J8) -> 5000 | E8: =D8-B8 -> 0 | G8: 2021 | H8: Běžný provoz | I8: =A8 -> Příjem půjčení vleků | J8: =G8&"_"&H8&"_"&I8 -> 2021_Běžný provoz_Příjem půjčení vleků
A9: Ostatní | D9: =SUMIFS('Rozpočet - průběžný stav'!K:K,'Rozpočet - průběžný stav'!A:A,J9) -> 0 | G9: 2021 | H9: Běžný provoz | I9: =A9 -> Ostatní | J9: =G9&"_"&H9&"_"&I9 -> 2021_Běžný provoz_Ostatní
A10: Příjmy běžný provoz celkem | B10: =SUM(B6:B9) -> 50500 | C10: =SUM(C6:C9) -> 70500 | D10: =SUM(D6:D9) -> 50000 | E10: =D10-B10 -> -500 | L10: Nejlepší ženy: | M10: doplnit
A12: Výdaje 2021 | L12: Kateřina Měrková | M12: 1000
A13: Interní nájmy | B13: 50000 | C13: 50000 | D13: =-SUMIFS('Rozpočet - průběžný stav'!K:K,'Rozpočet - průběžný stav'!A:A,J13) -> 22414 | E13: =D13-B13 -> -27586 | G13: 2021 | H13: Běžný provoz | I13: =A13 -> Interní nájmy | J13: =G13&"_"&H13&"_"&I13 -> 2021_Běžný provoz_Interní nájmy | L13: Majka Hořejší | M13: 800
A14: Interní nájmy ostatní | D14: =-SUMIFS('Rozpočet - průběžný stav'!K:K,'Rozpočet - průběžný stav'!A:A,J14) -> 0 | E14: =D14-B14 -> 0 | G14: 2021 | H14: Běžný provoz | I14: =A14 -> Interní nájmy ostatní | J14: =G14&"_"&H14&"_"&I14 -> 2021_Běžný provoz_Interní nájmy ostatní | L14: Kateřina Šedivá | M14: 600
A15: Interní nájmy - srovnání TOM | D15: =-SUMIFS('Rozpočet - průběžný stav'!K:K,'Rozpočet - průběžný stav'!A:A,J15) -> 0 | E15: =D15-B15 -> 0 | G15: 2021 | H15: Běžný provoz | I15: =A15 -> Interní nájmy - srovnání TOM | J15: =G15&"_"&H15&"_"&I15 -> 2021_Běžný provoz_Interní nájmy - srovnání TOM
A16: Příspěvky ČSK | B16: 630 | C16: 630 | D16: =-SUMIFS('Rozpočet - průběžný stav'!K:K,'Rozpočet - průběžný stav'!A:A,J16) -> 1330 | E16: =D16-B16 -> 700 | F16: více je TOM, viz přeúčtování TOM | G16: 2021 | H16: Běžný provoz | I16: =A16 -> Příspěvky ČSK | J16: =G16&"_"&H16&"_"&I16 -> 2021_Běžný provoz_Příspěvky ČSK | L16: Nejlepší muži: | M16: doplnit
A17: Údržba vleků | B17: 5000 | C17: 2000 | D17: =-SUMIFS('Rozpočet - průběžný stav'!K:K,'Rozpočet - průběžný stav'!A:A,J17) -> 212 | E17: =D17-B17 -> -4788 | F17: náklady na vleky jsou napůl s TOM, viz přeúčtování TOM | G17: 2021 | H17: Běžný provoz | I17: =A17 -> Údržba vleků | J17: =G17&"_"&H17&"_"&I17 -> 2021_Běžný provoz_Údržba vleků | L17: Jáchym Kopřiva | M17: 1000
A18: Materiál | B18: 1000 | C18: 2000 | D18: =-SUMIFS('Rozpočet - průběžný stav'!K:K,'Rozpočet - průběžný stav'!A:A,J18) -> 0 | E18: =D18-B18 -> -1000 | G18: 2021 | H18: Běžný provoz | I18: =A18 -> Materiál | J18: =G18&"_"&H18&"_"&I18 -> 2021_Běžný provoz_Materiál | L18: Šálek Pavel | M18: 800
A19: Výdaje ostatní | D19: =-SUMIFS('Rozpočet - průběžný stav'!K:K,'Rozpočet - průběžný stav'!A:A,J19) -> 497.31 | E19: =D19-B19 -> 497.31 | F19: webhosting | G19: 2021 | H19: Běžný provoz | I19: =A19 -> Výdaje ostatní | J19: =G19&"_"&H19&"_"&I19 -> 2021_Běžný provoz_Výdaje ostatní | L19: Martin Kříž | M19: 600
A20: Výdaje běžný provoz celkem | B20: =SUM(B12:B19) -> 56630 | C20: =SUM(C12:C19) -> 54630 | D20: =SUM(D12:D19) -> 24453.31 | E20: =D20-B20 -> -32176.69
A22: Bilance běžný provoz | B22: =B10-B20 -> -6130 | C22: =C10-C20 -> 15870 | D22: =D10-D20 -> 25546.69 | E22: =D22-B22 -> 31676.69
A24: Kapitola podpora činnosti | B24: Plán | C24: Plán 2020 | D24: Plnění 2021 | E24: Rozdíl | G24: Rok | H24: Skupina | I24: Kategorie | J24: Klíč
A25: Příjmy 2021
A26: Hamerák příjem | B26: 0 | C26: 0 | D26: =SUMIFS('Rozpočet - průběžný stav'!K:K,'Rozpočet - průběžný stav'!A:A,J26) -> 44518.6 | G26: 2021 | H26: Hamerák-akce | I26: Hamerák finance | J26: =G26&"_"&H26&"_"&I26 -> 2021_Hamerák-akce_Hamerák finance
A27: Příjmy dotace | B27: 2000 | C27: 2000 | D27: =SUMIFS('Rozpočet - průběžný stav'!K:K,'Rozpočet - průběžný stav'!A:A,J27) -> 0 | E27: =D27-B27 -> -2000 | G27: 2021 | H27: Podpora činnosti | I27: =A27 -> Příjmy dotace | J27: =G27&"_"&H27&"_"&I27 -> 2021_Podpora činnosti_Příjmy dotace
A28: Příjmy dary | B28: 2000 | C28: 2000 | D28: =SUMIFS('Rozpočet - průběžný stav'!K:K,'Rozpočet - průběžný stav'!A:A,J28) -> 0 | E28: =D28-B28 -> -2000 | G28: 2021 | H28: Podpora činnosti | I28: =A28 -> Příjmy dary | J28: =G28&"_"&H28&"_"&I28 -> 2021_Podpora činnosti_Příjmy dary
A29: Příjmy ostatní | D29: =SUMIFS('Rozpočet - průběžný stav'!K:K,'Rozpočet - průběžný stav'!A:A,J29) -> 0 | E29: =D29-B29 -> 0 | G29: 2021 | H29: Podpora činnosti | I29: =A29 -> Příjmy ostatní | J29: =G29&"_"&H29&"_"&I29 -> 2021_Podpora činnosti_Příjmy ostatní
A30: Příjmy podpora činnosti celkem | B30: =SUM(B25:B29) -> 4000 | C30: =SUM(C25:C29) -> 4000 | D30: =SUM(D25:D29) -> 44518.6 | E30: =D30-B30 -> 40518.6
A32: Výdaje 2021
A33: Podpora ČPV | B33: 10000 | C33: 10000 | D33: =-SUMIFS('Rozpočet - průběžný stav'!K:K,'Rozpočet - průběžný stav'!A:A,J33) -> 4500 | E33: =D33-B33 -> -5500 | G33: 2021 | H33: Podpora činnosti | I33: =A33 -> Podpora ČPV | J33: =G33&"_"&H33&"_"&I33 -> 2021_Podpora činnosti_Podpora ČPV
A34: Podpora eskymáků | B34: 0 | C34: 0 | D34: =-SUMIFS('Rozpočet - průběžný stav'!K:K,'Rozpočet - průběžný stav'!A:A,J34) -> 0 | E34: =D34-B34 -> 0 | G34: 2021 | H34: Podpora činnosti | I34: =A34 -> Podpora eskymáků | J34: =G34&"_"&H34&"_"&I34 -> 2021_Podpora činnosti_Podpora eskymáků
A35: Podpora výcviku záchrany | B35: 1500 | C35: 1500 | D35: =-SUMIFS('Rozpočet - průběžný stav'!K:K,'Rozpočet - průběžný stav'!A:A,J35) -> 0 | E35: =D35-B35 -> -1500 | G35: 2021 | H35: Podpora činnosti | I35: =A35 -> Podpora výcviku záchrany | J35: =G35&"_"&H35&"_"&I35 -> 2021_Podpora činnosti_Podpora výcviku záchrany
A36: Podpora zahraniční zájezd | B36: 4000 | C36: 4000 | D36: =-SUMIFS('Rozpočet - průběžný stav'!K:K,'Rozpočet - průběžný stav'!A:A,J36) -> 0 | E36: =D36-B36 -> -4000 | G36: 2021 | H36: Podpora činnosti | I36: =A36 -> Podpora zahraniční zájezd | J36: =G36&"_"&H36&"_"&I36 -> 2021_Podpora činnosti_Podpora zahraniční zájezd
A37: Oddílový den | B37: 3000 | C37: 3000 | D37: =-SUMIFS('Rozpočet - průběžný stav'!K:K,'Rozpočet - průběžný stav'!A:A,J37) -> 0 | E37: =D37-B37 -> -3000 | G37: 2021 | H37: Podpora činnosti | I37: =A37 -> Oddílový den | J37: =G37&"_"&H37&"_"&I37 -> 2021_Podpora činnosti_Oddílový den
A38: Oddílové vánoce | B38: 3000 | C38: 3000 | D38: =-SUMIFS('Rozpočet - průběžný stav'!K:K,'Rozpočet - průběžný stav'!A:A,J38) -> 4252.57 | E38: =D38-B38 -> 1252.57 | G38: 2021 | H38: Podpora činnosti | I38: =A38 -> Oddílové vánoce | J38: =G38&"_"&H38&"_"&I38 -> 2021_Podpora činnosti_Oddílové vánoce
A39: Oddílová soutěž | B39: 4800 | C39: 4800 | D39: =-SUMIFS('Rozpočet - průběžný stav'!K:K,'Rozpočet - průběžný stav'!A:A,J39) -> 2600 | E39: =D39-B39 -> -2200 | G39: 2021 | H39: Podpora činnosti | I39: =A39 -> Oddílová soutěž | J39: =G39&"_"&H39&"_"&I39 -> 2021_Podpora činnosti_Oddílová soutěž
A40: Materiál | B40: 0 | C40: 0 | D40: =-SUMIFS('Rozpočet - průběžný stav'!K:K,'Rozpočet - průběžný stav'!A:A,J40) -> 0 | E40: =D40-B40 -> 0 | G40: 2021 | H40: Podpora činnosti | I40: =A40 -> Materiál | J40: =G40&"_"&H40&"_"&I40 -> 2021_Podpora činnosti_Materiál
A41: Hamerák výbor (večeře) | B41: 5000 | C41: 5000 | D41: =-SUMIFS('Rozpočet - průběžný stav'!K:K,'Rozpočet - průběžný stav'!A:A,J41) -> 5000 | E41: =D41-B41 -> 0 | G41: 2021 | H41: Hamerák-akce | I41: Výbor večeře | J41: =G41&"_"&H41&"_"&I41 -> 2021_Hamerák-akce_Výbor večeře
A42: Hamerák ostatní výdaje | B42: 0 | C42: 0 | D42: =-SUMIFS('Rozpočet - průběžný stav'!K:K,'Rozpočet - průběžný stav'!A:A,J42) -> 0 | E42: =D42-B42 -> 0 | G42: 2021 | H42: Hamerák-akce | I42: Náklady příprava | J42: =G42&"_"&H42&"_"&I42 -> 2021_Hamerák-akce_Náklady příprava | L42: Výsledek Hamerák: | M42: =D26-D41-D42 -> 39518.6
A43: Výdaje podpora činnosti celkem | B43: =sum(B33:B42) -> 31300 | C43: =sum(C33:C42) -> 31300 | D43: =sum(D33:D42) -> 16352.57 | E43: =D43-B43 -> -14947.43
A45: Bilance podpora činnosti | B45: =B30-B43 -> -27300 | C45: =C30-C43 -> -27300 | D45: =D30-D43 -> 28166.03 | E45: =D45-B45 -> 55466.03
A47: Bilance Hamerák | B47: 0 | C47: 0 | D47: =D26-D41-D42 -> 39518.6
D48: =-SUMIFS('Rozpočet - průběžný stav'!K:K,'Rozpočet - průběžný stav'!A:A,J48) -> 0 | G48: 2021 | H48: Převody | I48: Převod z 2019 | J48: =G48&"_"&H48&"_"&I48 -> 2021_Převody_Převod z 2019
D49: =-SUMIFS('Rozpočet - průběžný stav'!K:K,'Rozpočet - průběžný stav'!A:A,J49) -> 0 | G49: 2021 | H49: Převody | I49: převod | J49: =G49&"_"&H49&"_"&I49 -> 2021_Převody_převod
D50: =-SUMIFS('Rozpočet - průběžný stav'!K:K,'Rozpočet - průběžný stav'!A:A,J50) -> 0 | G50: 2021 | H50: Převody | I50: stav | J50: =G50&"_"&H50&"_"&I50 -> 2021_Převody_stav
A53: Rekapitulace | B53: Plán | D53: Plnění | E53: Rozdíl
A54: Převod z 2020 | B54: =B2 -> 192476 | D54: =B54 -> 192476 | E54: =D54-B54 -> 0
A55: Příjmy běžný provoz | B55: =B10 -> 50500 | D55: =D10 -> 50000 | E55: =D55-B55 -> -500
A56: Příjmy podpora činnosti | B56: =B30 -> 4000 | D56: =D30 -> 44518.6 | E56: =D56-B56 -> 40518.6
A57: Celkem příjmy 2021 | B57: =B55+B56 -> 54500 | D57: =D55+D56 -> 94518.6 | E57: =D57-B57 -> 40018.6
A58: Výdaje běžný provoz | B58: =-B20 -> -56630 | D58: =-D20 -> -24453.31 | E58: =D58-B58 -> 32176.69
A59: Výdaje podpora činnosti | B59: =-B43 -> -31300 | D59: =-D43 -> -16352.57 | E59: =D59-B59 -> 14947.43
A60: Celkem výdaje 2021 | B60: =B58+B59 -> -87930 | D60: =D58+D59 -> -40805.88 | E60: =D60-B60 -> 47124.12
A61: (Bilance běžný provoz) | B61: =B55+B58 -> -6130 | D61: =D55+D58 -> 25546.69 | E61: =D61-B61 -> 31676.69 | F61: Příjmy příspěvky - výdaje běžný provoz
A62: (Bilance podpora činnosti) | B62: =B56+B59 -> -27300 | D62: =D56+D59 -> 28166.03 | E62: =D62-B62 -> 55466.03 | F62: Příjmy dotace, dary, Hamerák - výdaje podpora činnosti
A63: (Bilance Hamerák) | B63: =B26-B41-B42 -> -5000 | D63: =D26-D41-D42 -> 39518.6 | E63: =D63-B63 -> 44518.6 | F63: Příjmy Hamerák - výdaje Hamerák
A64: Bilance 2021 | B64: =B57+B60 -> -33430 | D64: =D57+D60 -> 53712.72 | E64: =D64-B64 -> 87142.72
A65: Převod do 2022 | B65: =B54+B57+B60 -> 159046 | D65: =D54+D57+D60 -> 246188.72 | E65: =D65-B65 -> 87142.72
A68: Stress test | C68: (2020 plán)
A69: Zátěžový test: výsledek příštího roku bez příjmů z Hameráku | D69: (převod do 2021 mínus výdaje podpora činnosti v 2021 > 80.000?)
A70: Povinná rezerva | B70: 80000 | D70: 80000
A71: Podpora činnosti - výdaje | B71: =-B59 -> 31300 | D71: =-B59 -> 31300
A72: Převod do 2022 | B72: =B65 -> 159046 | D72: =D65 -> 246188.72 | E72: zátěžový test - výsledek konec 2021
A73: 2Y Stress test výsledek? | B73: =B72-B$71 -> 127746 | D73: =D72-D$71 -> 214888.72 | E73: zátěžový test - výsledek konec 2022
A74: 3Y Stress test výsledek? | B74: =B73-B$71 -> 96446 | D74: =D73-D$71 -> 183588.72 | E74: zátěžový test - výsledek konec 2023
A75: 4Y Stress test výsledek? | B75: =B74-B$71 -> 65146 | D75: =D74-D$71 -> 152288.72 | E75: zátěžový test - výsledek konec 2024
A76: Koeficient rezervy (v letech): | B76: =1+(B72-B70)/B71 -> 3.5254313 | D76: =1+(D72-D70)/D71 -> 6.3095438 | E76: jak dlouho vydržíme s plnou podporou činnosti oddílu bez Hameráku

Sheet Rozpočet 2020
A1: Rozpočet OVT 2020 | B1: Plán | C1: (2019 plán) | D1: Plnění | E1: Rozdíl
A2: Převod z roku 2019 | B2: 169424 | D2: automaticky z průběžného stavu
G3: Údaje pro automatické doplnění sloupce "Plnění" z listu "Rozpočet - průběžný stav"
A4: Kapitola běžný provoz | B4: Plán | C4: Plán 2019 | D4: Plnění 2020 | E4: Rozdíl | G4: Rok | H4: Skupina | I4: Kategorie | J4: Klíč
A5: Příjmy 2020 | E5: rozdíl
A6: Příspěvky | B6: 60000 | C6: 60000 | D6: =SUMIFS('Rozpočet - průběžný stav'!K:K,'Rozpočet - průběžný stav'!A:A,J6) -> 40950 | E6: =D6-B6 -> -19050 | G6: 2020 | H6: Běžný provoz | I6: =A6 -> Příspěvky | J6: =G6&"_"&H6&"_"&I6 -> 2020_Běžný provoz_Příspěvky
A7: Přeúčtování TOM | B7: 5500 | C7: 2722 | D7: =SUMIFS('Rozpočet - průběžný stav'!K:K,'Rozpočet - průběžný stav'!A:A,J7) -> 2702 | G7: 2020 | H7: Běžný provoz | I7: =A7 -> Přeúčtování TOM | J7: =G7&"_"&H7&"_"&I7 -> 2020_Běžný provoz_Přeúčtování TOM | L7: Oddílová soutěž
A8: Příjem půjčení vleků | B8: 5000 | C8: 0 | D8: =SUMIFS('Rozpočet - průběžný stav'!K:K,'Rozpočet - průběžný stav'!A:A,J8) -> 5000 | E8: =D8-B8 -> 0 | G8: 2020 | H8: Běžný provoz | I8: =A8 -> Příjem půjčení vleků | J8: =G8&"_"&H8&"_"&I8 -> 2020_Běžný provoz_Příjem půjčení vleků
A9: Ostatní | D9: =SUMIFS('Rozpočet - průběžný stav'!K:K,'Rozpočet - průběžný stav'!A:A,J9) -> 0 | G9: 2020 | H9: Běžný provoz | I9: =A9 -> Ostatní | J9: =G9&"_"&H9&"_"&I9 -> 2020_Běžný provoz_Ostatní
A10: Příjmy běžný provoz celkem | B10: =SUM(B6:B9) -> 70500 | C10: =SUM(C6:C9) -> 62722 | D10: =SUM(D6:D9) -> 48652 | E10: =D10-B10 -> -21848 | L10: Nejlepší ženy: | M10: doplnit
A12: Výdaje 2020 | L12: Majka Hořejší | M12: 1000
A13: Interní nájmy | B13: 50000 | C13: =62224-8437 -> 53787 | D13: =-SUMIFS('Rozpočet - průběžný stav'!K:K,'Rozpočet - průběžný stav'!A:A,J13) -> 38362 | E13: =D13-B13 -> -11638 | G13: 2020 | H13: Běžný provoz | I13: =A13 -> Interní nájmy | J13: =G13&"_"&H13&"_"&I13 -> 2020_Běžný provoz_Interní nájmy | L13: Bára Kostková | M13: 800
A14: Interní nájmy ostatní | D14: =-SUMIFS('Rozpočet - průběžný stav'!K:K,'Rozpočet - průběžný stav'!A:A,J14) -> 0 | E14: =D14-B14 -> 0 | G14: 2020 | H14: Běžný provoz | I14: =A14 -> Interní nájmy ostatní | J14: =G14&"_"&H14&"_"&I14 -> 2020_Běžný provoz_Interní nájmy ostatní | L14: Eva Matějková | M14: 600
A15: Interní nájmy - srovnání TOM | D15: =-SUMIFS('Rozpočet - průběžný stav'!K:K,'Rozpočet - průběžný stav'!A:A,J15) -> 0 | E15: =D15-B15 -> 0 | G15: 2020 | H15: Běžný provoz | I15: =A15 -> Interní nájmy - srovnání TOM | J15: =G15&"_"&H15&"_"&I15 -> 2020_Běžný provoz_Interní nájmy - srovnání TOM
A16: Příspěvky ČSK | B16: 630 | C16: 630 | D16: =-SUMIFS('Rozpočet - průběžný stav'!K:K,'Rozpočet - průběžný stav'!A:A,J16) -> 1330 | E16: =D16-B16 -> 700 | F16: více je TOM, viz přeúčtování TOM | G16: 2020 | H16: Běžný provoz | I16: =A16 -> Příspěvky ČSK | J16: =G16&"_"&H16&"_"&I16 -> 2020_Běžný provoz_Příspěvky ČSK | L16: Nejlepší muži: | M16: doplnit
A17: Údržba vleků | B17: 2000 | C17: 2000 | D17: =-SUMIFS('Rozpočet - průběžný stav'!K:K,'Rozpočet - průběžný stav'!A:A,J17) -> 4621 | E17: =D17-B17 -> 2621 | F17: náklady na vleky jsou napůl s TOM, viz přeúčtování TOM | G17: 2020 | H17: Běžný provoz | I17: =A17 -> Údržba vleků | J17: =G17&"_"&H17&"_"&I17 -> 2020_Běžný provoz_Údržba vleků | L17: Jáchym Kopřiva | M17: 1000
A18: Materiál | B18: 2000 | C18: 1000 | D18: =-SUMIFS('Rozpočet - průběžný stav'!K:K,'Rozpočet - průběžný stav'!A:A,J18) -> 0 | E18: =D18-B18 -> -2000 | G18: 2020 | H18: Běžný provoz | I18: =A18 -> Materiál | J18: =G18&"_"&H18&"_"&I18 -> 2020_Běžný provoz_Materiál | L18: Tomáš Matějka | M18: 800
A19: Výdaje ostatní | D19: =-SUMIFS('Rozpočet - průběžný stav'!K:K,'Rozpočet - průběžný stav'!A:A,J19) -> 997.31 | E19: =D19-B19 -> 997.31 | F19: webhosting | G19: 2020 | H19: Běžný provoz | I19: =A19 -> Výdaje ostatní | J19: =G19&"_"&H19&"_"&I19 -> 2020_Běžný provoz_Výdaje ostatní | L19: Filip Havlíček | M19: 600
A20: Výdaje běžný provoz celkem | B20: =SUM(B12:B19) -> 54630 | C20: =SUM(C12:C19) -> 57417 | D20: =SUM(D12:D19) -> 45310.31 | E20: =D20-B20 -> -9319.69
A22: Bilance běžný provoz | B22: =B10-B20 -> 15870 | C22: =C10-C20 -> 5305 | D22: =D10-D20 -> 3341.69 | E22: =D22-B22 -> -12528.31
A24: Kapitola podpora činnosti | B24: Plán | C24: Plán 2019 | D24: Plnění 2020 | E24: Rozdíl | G24: Rok | H24: Skupina | I24: Kategorie | J24: Klíč
A25: Příjmy 2020
A26: Příjem Hamerák 2020 | B26: 0 | C26: 0 | D26: =SUMIFS('Rozpočet - průběžný stav'!K:K,'Rozpočet - průběžný stav'!A:A,J26) -> 0 | G26: 2020 | H26: Hamerák-akce | I26: Hamerák finance | J26: =G26&"_"&H26&"_"&I26 -> 2020_Hamerák-akce_Hamerák finance
A27: Příjmy dotace | B27: 2000 | C27: 4000 | D27: =SUMIFS('Rozpočet - průběžný stav'!K:K,'Rozpočet - průběžný stav'!A:A,J27) -> 29000 | E27: =D27-B27 -> 27000 | G27: 2020 | H27: Podpora činnosti | I27: =A27 -> Příjmy dotace | J27: =G27&"_"&H27&"_"&I27 -> 2020_Podpora činnosti_Příjmy dotace
A28: Příjmy dary | B28: 2000 | C28: 2000 | D28: =SUMIFS('Rozpočet - průběžný stav'!K:K,'Rozpočet - průběžný stav'!A:A,J28) -> 0 | E28: =D28-B28 -> -2000 | G28: 2020 | H28: Podpora činnosti | I28: =A28 -> Příjmy dary | J28: =G28&"_"&H28&"_"&I28 -> 2020_Podpora činnosti_Příjmy dary
A29: Příjmy ostatní | D29: =SUMIFS('Rozpočet - průběžný stav'!K:K,'Rozpočet - průběžný stav'!A:A,J29) -> 0 | E29: =D29-B29 -> 0 | G29: 2020 | H29: Podpora činnosti | I29: =A29 -> Příjmy ostatní | J29: =G29&"_"&H29&"_"&I29 -> 2020_Podpora činnosti_Příjmy ostatní
A30: Příjmy podpora činnosti celkem | B30: =SUM(B25:B29) -> 4000 | C30: =SUM(C25:C29) -> 6000 | D30: =SUM(D25:D29) -> 29000 | E30: =D30-B30 -> 25000
A32: Výdaje 2020
A33: Podpora ČPV | B33: 10000 | C33: 10000 | D33: =-SUMIFS('Rozpočet - průběžný stav'!K:K,'Rozpočet - průběžný stav'!A:A,J33) -> 3984 | E33: =D33-B33 -> -6016 | G33: 2020 | H33: Podpora činnosti | I33: =A33 -> Podpora ČPV | J33: =G33&"_"&H33&"_"&I33 -> 2020_Podpora činnosti_Podpora ČPV
A34: Podpora eskymáků | B34: 0 | C34: 0 | D34: =-SUMIFS('Rozpočet - průběžný stav'!K:K,'Rozpočet - průběžný stav'!A:A,J34) -> 0 | E34: =D34-B34 -> 0 | G34: 2020 | H34: Podpora činnosti | I34: =A34 -> Podpora eskymáků | J34: =G34&"_"&H34&"_"&I34 -> 2020_Podpora činnosti_Podpora eskymáků
A35: Podpora výcviku záchrany | B35: 1500 | C35: 1500 | D35: =-SUMIFS('Rozpočet - průběžný stav'!K:K,'Rozpočet - průběžný stav'!A:A,J35) -> 0 | E35: =D35-B35 -> -1500 | G35: 2020 | H35: Podpora činnosti | I35: =A35 -> Podpora výcviku záchrany | J35: =G35&"_"&H35&"_"&I35 -> 2020_Podpora činnosti_Podpora výcviku záchrany
A36: Podpora zahraniční zájezd | B36: 4000 | C36: 4000 | D36: =-SUMIFS('Rozpočet - průběžný stav'!K:K,'Rozpočet - průběžný stav'!A:A,J36) -> 3000 | E36: =D36-B36 -> -1000 | G36: 2020 | H36: Podpora činnosti | I36: =A36 -> Podpora zahraniční zájezd | J36: =G36&"_"&H36&"_"&I36 -> 2020_Podpora činnosti_Podpora zahraniční zájezd
A37: Oddílový den | B37: 3000 | C37: 3000 | D37: =-SUMIFS('Rozpočet - průběžný stav'!K:K,'Rozpočet - průběžný stav'!A:A,J37) -> 0 | E37: =D37-B37 -> -3000 | G37: 2020 | H37: Podpora činnosti | I37: =A37 -> Oddílový den | J37: =G37&"_"&H37&"_"&I37 -> 2020_Podpora činnosti_Oddílový den
A38: Oddílové vánoce | B38: 3000 | C38: 3000 | D38: =-SUMIFS('Rozpočet - průběžný stav'!K:K,'Rozpočet - průběžný stav'!A:A,J38) -> 0 | E38: =D38-B38 -> -3000 | G38: 2020 | H38: Podpora činnosti | I38: =A38 -> Oddílové vánoce | J38: =G38&"_"&H38&"_"&I38 -> 2020_Podpora činnosti_Oddílové vánoce
A39: Oddílová soutěž | B39: 4800 | C39: 4800 | D39: =-SUMIFS('Rozpočet - průběžný stav'!K:K,'Rozpočet - průběžný stav'!A:A,J39) -> 0 | E39: =D39-B39 -> -4800 | G39: 2020 | H39: Podpora činnosti | I39: =A39 -> Oddílová soutěž | J39: =G39&"_"&H39&"_"&I39 -> 2020_Podpora činnosti_Oddílová soutěž
A40: Materiál | B40: 0 | C40: 1000 | D40: =-SUMIFS('Rozpočet - průběžný stav'!K:K,'Rozpočet - průběžný stav'!A:A,J40) -> 0 | E40: =D40-B40 -> 0 | G40: 2020 | H40: Podpora činnosti | I40: =A40 -> Materiál | J40: =G40&"_"&H40&"_"&I40 -> 2020_Podpora činnosti_Materiál
A41: Hamerák výbor (večeře) | B41: 5000 | C41: 3000 | D41: =-SUMIFS('Rozpočet - průběžný stav'!K:K,'Rozpočet - průběžný stav'!A:A,J41) -> 0 | E41: =D41-B41 -> -5000 | G41: 2020 | H41: Hamerák-akce | I41: Výbor večeře | J41: =G41&"_"&H41&"_"&I41 -> 2020_Hamerák-akce_Výbor večeře
A42: Hamerák ostatní výdaje | B42: 0 | C42: 0 | D42: =-SUMIFS('Rozpočet - průběžný stav'!K:K,'Rozpočet - průběžný stav'!A:A,J42) -> 2305.53 | E42: =D42-B42 -> 2305.53 | G42: 2020 | H42: Hamerák-akce | I42: Náklady příprava | J42: =G42&"_"&H42&"_"&I42 -> 2020_Hamerák-akce_Náklady příprava | L42: Výsledek Hamerák: | M42: =D26-D41-D42 -> -2305.53
A43: Výdaje podpora činnosti celkem | B43: =sum(B33:B42) -> 31300 | C43: =sum(C33:C42) -> 30300 | D43: =sum(D33:D42) -> 9289.53 | E43: =D43-B43 -> -22010.47
A45: Bilance podpora činnosti | B45: =B30-B43 -> -27300 | C45: =C30-C43 -> -24300 | D45: =D30-D43 -> 19710.47 | E45: =D45-B45 -> 47010.47
A47: Bilance Hamerák | B47: 0 | C47: 0 | D47: =D26-D41-D42 -> -2305.53
D48: =-SUMIFS('Rozpočet - průběžný stav'!K:K,'Rozpočet - průběžný stav'!A:A,J48) -> 0 | G48: 2020 | H48: Převody | I48: Převod z 2019 | J48: =G48&"_"&H48&"_"&I48 -> 2020_Převody_Převod z 2019
D49: =-SUMIFS('Rozpočet - průběžný stav'!K:K,'Rozpočet - průběžný stav'!A:A,J49) -> 0 | G49: 2020 | H49: Převody | I49: převod | J49: =G49&"_"&H49&"_"&I49 -> 2020_Převody_převod
D50: =-SUMIFS('Rozpočet - průběžný stav'!K:K,'Rozpočet - průběžný stav'!A:A,J50) -> 0 | G50: 2020 | H50: Převody | I50: stav | J50: =G50&"_"&H50&"_"&I50 -> 2020_Převody_stav
A53: Rekapitulace | B53: Plán | C53: Plán 2019 | D53: Plnění | E53: Rozdíl
A54: Převod z 2019 | B54: =B2 -> 169424 | C54: =B54 -> 169424 | D54: =B54 -> 169424
A55: Příjmy běžný provoz | B55: =B10 -> 70500 | C55: =C10 -> 62722 | D55: =D10 -> 48652
A56: Příjmy podpora činnosti | B56: =B30 -> 4000 | C56: =C30 -> 6000 | D56: =D30 -> 29000
A57: Celkem příjmy 2020 | B57: =B55+B56 -> 74500 | C57: =C55+C56 -> 68722 | D57: =D55+D56 -> 77652
A58: Výdaje běžný provoz | B58: =B20 -> 54630 | C58: =C20 -> 57417 | D58: =D20 -> 45310.31
A59: Výdaje podpora činnosti | B59: =B43 -> 31300 | C59: =C43 -> 30300 | D59: =D43 -> 9289.53
A60: Celkem výdaje 2020 | B60: =B58+B59 -> 85930 | C60: =C58+C59 -> 87717 | D60: =D58+D59 -> 54599.84
A61: (Bilance běžný provoz) | B61: =B55-B58 -> 15870 | C61: =C55-C58 -> 5305 | D61: =D55-D58 -> 3341.69 | F61: Příjmy příspěvky - výdaje běžný provoz
A62: (Bilance podpora činnosti) | B62: =B56-B59 -> -27300 | C62: =C56-C59 -> -24300 | D62: =D56-D59 -> 19710.47 | F62: Příjmy dotace, dary, Hamerák - výdaje podpora činnosti
A63: (Bilance Hamerák) | B63: =B26-B41-B42 -> -5000 | C63: =C26-C41-C42 -> -3000 | D63: =D26-D41-D42 -> -2305.53 | F63: Příjmy Hamerák - výdaje Hamerák
A64: Bilance 2020 | B64: =B57-B60 -> -11430 | C64: =C57-C60 -> -18995 | D64: =D57-D60 -> 23052.16
A65: Převod do 2021 | B65: =B54+B57-B60 -> 157994 | C65: =C54+C57-C60 -> 150429 | D65: =D54+D57-D60 -> 192476.16
A68: Stress test | C68: (2019 plán)
A69: Zátěžový test: výsledek příštího roku bez příjmů z Hameráku | D69: (převod do 2020 mínus výdaje podpora činnosti v X roce > 80.000?)
A70: Povinná rezerva | B70: 80000 | C70: 80000 | D70: 80000
A71: Podpora činnosti - výdaje | B71: =B59 -> 31300 | C71: 30300 | D71: =B59 -> 31300
A72: Převod do 2021 | B72: =B65 -> 157994 | C72: =C65 -> 150429 | D72: =D65 -> 192476.16 | E72: zátěžový test - výsledek konec 2020
A73: 2Y Stress test výsledek? | B73: =B72-B$71 -> 126694 | C73: =C72-C$71 -> 120129 | D73: =D72-D$71 -> 161176.16 | E73: zátěžový test - výsledek konec 2021
A74: 3Y Stress test výsledek? | B74: =B73-B$71 -> 95394 | C74: =C73-C$71 -> 89829 | D74: =D73-D$71 -> 129876.16 | E74: zátěžový test - výsledek konec 2022
A75: 4Y Stress test výsledek? | B75: =B74-B$71 -> 64094 | C75: =C74-C$71 -> 59529 | D75: =D74-D$71 -> 98576.16 | E75: zátěžový test - výsledek konec 2023
A76: Koeficient rezervy (v letech): | B76: =1+(B72-B70)/B71 -> 3.4918211 | C76: 2.1368977 | D76: =1+(D72-D70)/D71 -> 4.5934875 | E76: jak dlouho vydržíme s plnou podporou činnosti oddílu bez Hameráku

Sheet Rozpočet 2019
A1: Rozpočet OVT 2019 | B1: Plán | C1: (2018 plán) | D1: Plnění | E1: Rozdíl
A2: Převod z roku 2018 | B2: 133443 | D2: automaticky z průběžného stavu
G3: Údaje pro automatické doplnění sloupce "Plnění" z listu "Rozpočet - průběžný stav"
A4: Kapitola běžný provoz | B4: Plán | C4: (2018 plán) | D4: Plnění 2019 | E4: Rozdíl | G4: Rok | H4: Skupina | I4: Kategorie | J4: Klíč
A5: Příjmy 2019 | E5: rozdíl
A6: Příspěvky | B6: 60000 | C6: 56170 | D6: =SUMIFS('Rozpočet - průběžný stav'!K:K,'Rozpočet - průběžný stav'!A:A,J6) -> 59800 | E6: =D6-B6 -> -200 | G6: 2019 | H6: Běžný provoz | I6: =A6 -> Příspěvky | J6: =G6&"_"&H6&"_"&I6 -> 2019_Běžný provoz_Příspěvky
A7: Krákorečné | D7: =SUMIFS('Rozpočet - průběžný stav'!K:K,'Rozpočet - průběžný stav'!A:A,J7) -> 0 | G7: 2019 | H7: Běžný provoz | I7: =A7 -> Krákorečné | J7: =G7&"_"&H7&"_"&I7 -> 2019_Běžný provoz_Krákorečné | L7: Oddílová soutěž
A8: Přeúčtování TOM | B8: 2722 | C8: 2722 | D8: =SUMIFS('Rozpočet - průběžný stav'!K:K,'Rozpočet - průběžný stav'!A:A,J8) -> 0 | E8: =D8-B8 -> -2722 | G8: 2019 | H8: Běžný provoz | I8: =A8 -> Přeúčtování TOM | J8: =G8&"_"&H8&"_"&I8 -> 2019_Běžný provoz_Přeúčtování TOM
A9: Ostatní | D9: =SUMIFS('Rozpočet - průběžný stav'!K:K,'Rozpočet - průběžný stav'!A:A,J9) -> 0 | G9: 2019 | H9: Běžný provoz | I9: =A9 -> Ostatní | J9: =G9&"_"&H9&"_"&I9 -> 2019_Běžný provoz_Ostatní
A10: Příjmy běžný provoz celkem | B10: =SUM(B6:B9) -> 62722 | C10: =C6+C8 -> 58892 | D10: =SUM(D6:D9) -> 59800 | E10: =D10-B10 -> -2922
L11: Nejlepší ženy: | M11: doplnit
A12: Výdaje 2019 | L12: Majka Hořejší | M12: 1000
A13: Interní nájmy | B13: =62224-8437 -> 53787 | C13: 53787 | D13: =-SUMIFS('Rozpočet - průběžný stav'!K:K,'Rozpočet - průběžný stav'!A:A,J13) -> 46300 | E13: =D13-B13 -> -7487 | G13: 2019 | H13: Běžný provoz | I13: =A13 -> Interní nájmy | J13: =G13&"_"&H13&"_"&I13 -> 2019_Běžný provoz_Interní nájmy | L13: Bára Kostková | M13: 800
A14: Interní nájmy ostatní | D14: =-SUMIFS('Rozpočet - průběžný stav'!K:K,'Rozpočet - průběžný stav'!A:A,J14) -> 0 | E14: =D14-B14 -> 0 | G14: 2019 | H14: Běžný provoz | I14: =A14 -> Interní nájmy ostatní | J14: =G14&"_"&H14&"_"&I14 -> 2019_Běžný provoz_Interní nájmy ostatní | L14: Eva Matějková | M14: 600
A15: Interní nájmy - srovnání TOM | D15: =-SUMIFS('Rozpočet - průběžný stav'!K:K,'Rozpočet - průběžný stav'!A:A,J15) -> 0 | E15: =D15-B15 -> 0 | G15: 2019 | H15: Běžný provoz | I15: =A15 -> Interní nájmy - srovnání TOM | J15: =G15&"_"&H15&"_"&I15 -> 2019_Běžný provoz_Interní nájmy - srovnání TOM
A16: Příspěvky ČSK | B16: 630 | C16: 630 | D16: =-SUMIFS('Rozpočet - průběžný stav'!K:K,'Rozpočet - průběžný stav'!A:A,J16) -> 1360 | E16: =D16-B16 -> 730 | F16: více je TOM, viz přeúčtování TOM | G16: 2019 | H16: Běžný provoz | I16: =A16 -> Příspěvky ČSK | J16: =G16&"_"&H16&"_"&I16 -> 2019_Běžný provoz_Příspěvky ČSK | L16: Nejlepší muži: | M16: doplnit
A17: Údržba vleků | B17: 2000 | C17: 2000 | D17: =-SUMIFS('Rozpočet - průběžný stav'!K:K,'Rozpočet - průběžný stav'!A:A,J17) -> -1500 | E17: =D17-B17 -> -3500 | F17: náklady na vleky jsou napůl s TOM, viz přeúčtování TOM | G17: 2019 | H17: Běžný provoz | I17: =A17 -> Údržba vleků | J17: =G17&"_"&H17&"_"&I17 -> 2019_Běžný provoz_Údržba vleků | L17: Jáchym Kopřiva | M17: 1000
A18: Materiál | B18: 1000 | C18: 1000 | D18: =-SUMIFS('Rozpočet - průběžný stav'!K:K,'Rozpočet - průběžný stav'!A:A,J18) -> 1690 | E18: =D18-B18 -> 690 | G18: 2019 | H18: Běžný provoz | I18: =A18 -> Materiál | J18: =G18&"_"&H18&"_"&I18 -> 2019_Běžný provoz_Materiál | L18: Tomáš Matějka | M18: 800
A19: Výdaje ostatní | D19: =-SUMIFS('Rozpočet - průběžný stav'!K:K,'Rozpočet - průběžný stav'!A:A,J19) -> 241 | E19: =D19-B19 -> 241 | F19: webhosting | G19: 2019 | H19: Běžný provoz | I19: =A19 -> Výdaje ostatní | J19: =G19&"_"&H19&"_"&I19 -> 2019_Běžný provoz_Výdaje ostatní | L19: Filip Havlíček | M19: 600
A20: Výdaje běžný provoz celkem | B20: =SUM(B12:B19) -> 57417 | C20: =SUM(C12:C19) -> 57417 | D20: =SUM(D12:D19) -> 48091 | E20: =D20-B20 -> -9326
A21: Bilance běžný provoz | B21: =B10-B20 -> 5305 | C21: =C10-C20 -> 1475 | D21: =D10-D20 -> 11709 | E21: =D21-B21 -> 6404
A23: Kapitola podpora činnosti | B23: Plán | C23: (2018 plán) | D23: Plnění 2019 | E23: Rozdíl | G23: Rok | H23: Skupina | I23: Kategorie | J23: Klíč
A24: Příjmy 2019
A25: Příjem Hamerák 2019 | D25: =SUMIFS('Rozpočet - průběžný stav'!K:K,'Rozpočet - průběžný stav'!A:A,J25) -> 65804 | G25: 2019 | H25: Hamerák-akce | I25: Hamerák finance | J25: =G25&"_"&H25&"_"&I25 -> 2019_Hamerák-akce_Hamerák finance
A26: Příjmy dotace | B26: 4000 | C26: 21274 | D26: =SUMIFS('Rozpočet - průběžný stav'!K:K,'Rozpočet - průběžný stav'!A:A,J26) -> 1140 | E26: =D26-B26 -> -2860 | G26: 2019 | H26: Podpora činnosti | I26: =A26 -> Příjmy dotace | J26: =G26&"_"&H26&"_"&I26 -> 2019_Podpora činnosti_Příjmy dotace
A27: Příjmy dary | B27: 2000 | D27: =SUMIFS('Rozpočet - průběžný stav'!K:K,'Rozpočet - průběžný stav'!A:A,J27) -> 2000 | E27: =D27-B27 -> 0 | G27: 2019 | H27: Podpora činnosti | I27: =A27 -> Příjmy dary | J27: =G27&"_"&H27&"_"&I27 -> 2019_Podpora činnosti_Příjmy dary
A28: Příjmy ostatní | D28: =SUMIFS('Rozpočet - průběžný stav'!K:K,'Rozpočet - průběžný stav'!A:A,J28) -> 0 | E28: =D28-B28 -> 0 | G28: 2019 | H28: Podpora činnosti | I28: =A28 -> Příjmy ostatní | J28: =G28&"_"&H28&"_"&I28 -> 2019_Podpora činnosti_Příjmy ostatní
A29: Příjmy podpora činnosti celkem | B29: =SUM(B24:B28) -> 6000 | C29: =SUM(C24:C28) -> 21274 | D29: =SUM(D24:D28) -> 68944 | E29: =D29-B29 -> 62944
A31: Výdaje 2019
A32: Podpora ČPV | B32: 10000 | C32: 10000 | D32: =-SUMIFS('Rozpočet - průběžný stav'!K:K,'Rozpočet - průběžný stav'!A:A,J32) -> 5600 | E32: =D32-B32 -> -4400 | G32: 2019 | H32: Podpora činnosti | I32: =A32 -> Podpora ČPV | J32: =G32&"_"&H32&"_"&I32 -> 2019_Podpora činnosti_Podpora ČPV
A33: Podpora eskymáků | B33: 0 | C33: 0 | D33: =-SUMIFS('Rozpočet - průběžný stav'!K:K,'Rozpočet - průběžný stav'!A:A,J33) -> 0 | E33: =D33-B33 -> 0 | G33: 2019 | H33: Podpora činnosti | I33: =A33 -> Podpora eskymáků | J33: =G33&"_"&H33&"_"&I33 -> 2019_Podpora činnosti_Podpora eskymáků
A34: Podpora výcviku záchrany | B34: 1500 | C34: 1500 | D34: =-SUMIFS('Rozpočet - průběžný stav'!K:K,'Rozpočet - průběžný stav'!A:A,J34) -> 0 | E34: =D34-B34 -> -1500 | G34: 2019 | H34: Podpora činnosti | I34: =A34 -> Podpora výcviku záchrany | J34: =G34&"_"&H34&"_"&I34 -> 2019_Podpora činnosti_Podpora výcviku záchrany
A35: Podpora zahraniční zájezd | B35: 4000 | C35: 4000 | D35: =-SUMIFS('Rozpočet - průběžný stav'!K:K,'Rozpočet - průběžný stav'!A:A,J35) -> 4000 | E35: =D35-B35 -> 0 | G35: 2019 | H35: Podpora činnosti | I35: =A35 -> Podpora zahraniční zájezd | J35: =G35&"_"&H35&"_"&I35 -> 2019_Podpora činnosti_Podpora zahraniční zájezd
A36: Oddílový den | B36: 3000 | C36: 3000 | D36: =-SUMIFS('Rozpočet - průběžný stav'!K:K,'Rozpočet - průběžný stav'!A:A,J36) -> 0 | E36: =D36-B36 -> -3000 | G36: 2019 | H36: Podpora činnosti | I36: =A36 -> Oddílový den | J36: =G36&"_"&H36&"_"&I36 -> 2019_Podpora činnosti_Oddílový den
A37: Oddílové vánoce | B37: 3000 | C37: 3000 | D37: =-SUMIFS('Rozpočet - průběžný stav'!K:K,'Rozpočet - průběžný stav'!A:A,J37) -> 1800 | E37: =D37-B37 -> -1200 | G37: 2019 | H37: Podpora činnosti | I37: =A37 -> Oddílové vánoce | J37: =G37&"_"&H37&"_"&I37 -> 2019_Podpora činnosti_Oddílové vánoce
A38: Oddílová soutěž | B38: 4800 | C38: 4800 | D38: =-SUMIFS('Rozpočet - průběžný stav'!K:K,'Rozpočet - průběžný stav'!A:A,J38) -> 0 | E38: =D38-B38 -> -4800 | G38: 2019 | H38: Podpora činnosti | I38: =A38 -> Oddílová soutěž | J38: =G38&"_"&H38&"_"&I38 -> 2019_Podpora činnosti_Oddílová soutěž
A39: Materiál | B39: 1000 | C39: 1000 | D39: =-SUMIFS('Rozpočet - průběžný stav'!K:K,'Rozpočet - průběžný stav'!A:A,J39) -> 0 | E39: =D39-B39 -> -1000 | G39: 2019 | H39: Podpora činnosti | I39: =A39 -> Materiál | J39: =G39&"_"&H39&"_"&I39 -> 2019_Podpora činnosti_Materiál
A40: Hamerák výbor (večeře) | B40: 3000 | C40: 3000 | D40: =-SUMIFS('Rozpočet - průběžný stav'!K:K,'Rozpočet - průběžný stav'!A:A,J40) -> 0 | E40: =D40-B40 -> -3000 | G40: 2019 | H40: Hamerák-akce | I40: Výbor večeře | J40: =G40&"_"&H40&"_"&I40 -> 2019_Hamerák-akce_Výbor večeře
A41: Hamerák ostatní výdaje | D41: =-SUMIFS('Rozpočet - průběžný stav'!K:K,'Rozpočet - průběžný stav'!A:A,J41) -> 33272 | E41: =D41-B41 -> 33272 | G41: 2019 | H41: Hamerák-akce | I41: Náklady příprava | J41: =G41&"_"&H41&"_"&I41 -> 2019_Hamerák-akce_Náklady příprava | L41: Výsledek Hamerák: | M41: =D25-D40-D41 -> 32532
A42: Výdaje podpora činnosti celkem | B42: =sum(B32:B41) -> 30300 | C42: =SUM(C32:C40) -> 30300 | D42: =sum(D32:D41) -> 44672 | E42: =D42-B42 -> 14372
A43: Bilance podpora činnosti | B43: =B29-B42 -> -24300 | C43: =C29-C42 -> -9026 | D43: =D29-D42 -> 24272 | E43: =D43-B43 -> 48572
A45: Bilance Hamerák | B45: 0 | D45: =D25-D40-D41 -> 32532
D46: =-SUMIFS('Rozpočet - průběžný stav'!K:K,'Rozpočet - průběžný stav'!A:A,J46) -> 0 | G46: 2019 | H46: Převody | I46: Převod z 2017 | J46: =G46&"_"&H46&"_"&I46 -> 2019_Převody_Převod z 2017
D47: =-SUMIFS('Rozpočet - průběžný stav'!K:K,'Rozpočet - průběžný stav'!A:A,J47) -> 0 | G47: 2019 | H47: Převody | I47: převod | J47: =G47&"_"&H47&"_"&I47 -> 2019_Převody_převod
D48: =-SUMIFS('Rozpočet - průběžný stav'!K:K,'Rozpočet - průběžný stav'!A:A,J48) -> 0 | G48: 2019 | H48: Převody | I48: stav | J48: =G48&"_"&H48&"_"&I48 -> 2019_Převody_stav
A51: Rekapitulace | B51: Plán | C51: (2018 plán) | D51: Plnění | E51: Rozdíl
A52: Převod z 2018 | B52: =B2 -> 133443 | C52: 121759 | D52: =B52 -> 133443
A53: Příjmy běžný provoz | B53: =B10 -> 62722 | C53: 58892 | D53: =D10 -> 59800
A54: Příjmy podpora činnosti | B54: =B29 -> 6000 | C54: 21274 | D54: =D29 -> 68944
A55: Celkem příjmy 2019 | B55: =B53+B54 -> 68722 | C55: 80166 | D55: =D53+D54 -> 128744
A56: Výdaje běžný provoz | B56: =B20 -> 57417 | C56: 57417 | D56: =D20 -> 48091
A57: Výdaje podpora činnosti | B57: =B42 -> 30300 | C57: 30300 | D57: =D42 -> 44672
A58: Celkem výdaje 2019 | B58: =B56+B57 -> 87717 | C58: 87717 | D58: =D56+D57 -> 92763
A59: Bilance běžný provoz | B59: =B53-B56 -> 5305 | C59: 1475 | D59: =D53-D56 -> 11709 | F59: Příjmy příspěvky - výdaje běžný provoz
A60: Bilance podpora činnosti | B60: =B54-B57 -> -24300 | C60: -9026 | D60: =D54-D57 -> 24272 | F60: Příjmy Hamerák - výdaje podpora činnosti
A61: Bilance 2019 | B61: =B55-B58 -> -18995 | C61: -7551 | D61: =D55-D58 -> 35981
A62: Převod do 2020 | B62: =B52+B55-B58 -> 114448 | C62: 114208 | D62: =D52+D55-D58 -> 169424
A65: Stress test | C65: (2018 plán)
A66: Zátěžový test: výsledek příštího roku bez příjmů z Hameráku | D66: (převod do 2019 mínus výdaje podpora činnosti v 2018 > 80.000?)
A67: Povinná rezerva | B67: 80000 | C67: 80000 | D67: 80000
A68: Podpora činnosti - výdaje | B68: =B57 -> 30300 | C68: 30300 | D68: =B57 -> 30300
A69: Převod do 2020 | B69: =B62 -> 114448 | C69: 114208 | D69: =D62 -> 169424 | E69: zátěžový test - výsledek konec 2019
A70: 2Y Stress test výsledek? | B70: =B69-B$68 -> 84148 | C70: 83908 | D70: =D69-D$68 -> 139124 | E70: zátěžový test - výsledek konec 2020
A71: 3Y Stress test výsledek? | B71: =B70-B$68 -> 53848 | C71: 53608 | D71: =D70-D$68 -> 108824 | E71: zátěžový test - výsledek konec 2021
A72: 4Y Stress test výsledek? | B72: =B71-B$68 -> 23548 | C72: 23308 | D72: =D71-D$68 -> 78524 | E72: zátěžový test - výsledek konec 2022
A73: Koeficient rezervy (v letech): | B73: =1+(B69-B67)/B68 -> 2.1368977 | C73: 2.1289769 | D73: =1+(D69-D67)/D68 -> 3.9512871 | E73: jak dlouho vydržíme s plnou podporou činnosti oddílu bez Hameráku

Sheet Rozpočet 2018
A1: Rozpočet OVT 2018 | B1: Plán | C1: (původní 2017) | D1: Plnění | E1: Rozdíl
A2: Převod z roku 2017 | B2: 121759 | D2: stav k 12.12.2018
G3: Údaje pro automatické doplnění sloupce "Plnění" z listu "Rozpočet - průběžný stav"
A4: Kapitola běžný provoz | B4: Plán | C4: (původní 2017) | D4: Plnění | E4: Rozdíl | G4: Rok | H4: Skupina | I4: Kategorie | J4: Klíč
A5: Příjmy 2018 | E5: rozdíl
A6: Příspěvky | B6: =56600*0.95+3*800 -> 56170 | D6: =SUMIFS('Rozpočet - průběžný stav'!K:K,'Rozpočet - průběžný stav'!A:A,J6) -> 64250 | E6: =D6-B6 -> 8080 | G6: 2018 | H6: Běžný provoz | I6: =A6 -> Příspěvky | J6: =G6&"_"&H6&"_"&I6 -> 2018_Běžný provoz_Příspěvky
A7: Krákorečné | D7: =SUMIFS('Rozpočet - průběžný stav'!K:K,'Rozpočet - průběžný stav'!A:A,J7) -> 0 | G7: 2018 | H7: Běžný provoz | I7: =A7 -> Krákorečné | J7: =G7&"_"&H7&"_"&I7 -> 2018_Běžný provoz_Krákorečné | L7: Oddílová soutěž
A8: Přeúčtování TOM | B8: 2722 | D8: =SUMIFS('Rozpočet - průběžný stav'!K:K,'Rozpočet - průběžný stav'!A:A,J8)-1200 -> 3859 | G8: 2018 | H8: Běžný provoz | I8: =A8 -> Přeúčtování TOM | J8: =G8&"_"&H8&"_"&I8 -> 2018_Běžný provoz_Přeúčtování TOM
A9: Ostatní | D9: =SUMIFS('Rozpočet - průběžný stav'!K:K,'Rozpočet - průběžný stav'!A:A,J9) -> 0 | G9: 2018 | H9: Běžný provoz | I9: =A9 -> Ostatní | J9: =G9&"_"&H9&"_"&I9 -> 2018_Běžný provoz_Ostatní
A10: Příjmy běžný provoz celkem | B10: =SUM(B6:B9) -> 58892 | D10: =SUM(D6:D9) -> 68109 | E10: =D10-B10 -> 9217
L11: Nejlepší ženy:
A12: Výdaje 2018 | L12: Majka Hořejší | M12: 1000
A13: Interní nájmy | B13: =62224-8437 -> 53787 | D13: =-SUMIFS('Rozpočet - průběžný stav'!K:K,'Rozpočet - průběžný stav'!A:A,J13) -> 56788 | E13: =B13-D13 -> -3001 | G13: 2018 | H13: Běžný provoz | I13: =A13 -> Interní nájmy | J13: =G13&"_"&H13&"_"&I13 -> 2018_Běžný provoz_Interní nájmy | L13: Klára Machová | M13: 800
A14: Interní nájmy ostatní | D14: =-SUMIFS('Rozpočet - průběžný stav'!K:K,'Rozpočet - průběžný stav'!A:A,J14) -> 0 | E14: =B14-D14 -> 0 | G14: 2018 | H14: Běžný provoz | I14: =A14 -> Interní nájmy ostatní | J14: =G14&"_"&H14&"_"&I14 -> 2018_Běžný provoz_Interní nájmy ostatní | L14: Eva Matějková | M14: 600
A15: Interní nájmy - srovnání TOM | D15: =-SUMIFS('Rozpočet - průběžný stav'!K:K,'Rozpočet - průběžný stav'!A:A,J15) -> 0 | G15: 2018 | H15: Běžný provoz | I15: =A15 -> Interní nájmy - srovnání TOM | J15: =G15&"_"&H15&"_"&I15 -> 2018_Běžný provoz_Interní nájmy - srovnání TOM
A16: Příspěvky ČSK | B16: 630 | D16: =-SUMIFS('Rozpočet - průběžný stav'!K:K,'Rozpočet - průběžný stav'!A:A,J16) -> 1520 | E16: =B16-D16 -> -890 | F16: více je TOM, viz přeúčtování TOM | G16: 2018 | H16: Běžný provoz | I16: =A16 -> Příspěvky ČSK | J16: =G16&"_"&H16&"_"&I16 -> 2018_Běžný provoz_Příspěvky ČSK | L16: Nejlepší muži:
A17: Oddílová soutěž | B17: 0 | C17: 5200 | D17: =-SUMIFS('Rozpočet - průběžný stav'!K:K,'Rozpočet - průběžný stav'!A:A,J17) -> 0 | E17: =B17-D17 -> 0 | G17: 2018 | H17: Běžný provoz | I17: =A17 -> Oddílová soutěž | J17: =G17&"_"&H17&"_"&I17 -> 2018_Běžný provoz_Oddílová soutěž | L17: Jáchym Kopřiva | M17: 1000
A18: Údržba vleků | B18: 2000 | D18: =-SUMIFS('Rozpočet - průběžný stav'!K:K,'Rozpočet - průběžný stav'!A:A,J18) -> 475 | E18: =B18-D18 -> 1525 | F18: náklady na vleky jsou napůl s TOM, viz přeúčtování TOM | G18: 2018 | H18: Běžný provoz | I18: =A18 -> Údržba vleků | J18: =G18&"_"&H18&"_"&I18 -> 2018_Běžný provoz_Údržba vleků | L18: Tomáš Matějka | M18: 800
A19: Materiál | B19: 1000 | D19: =-SUMIFS('Rozpočet - průběžný stav'!K:K,'Rozpočet - průběžný stav'!A:A,J19) -> 0 | E19: =B19-D19 -> 1000 | G19: 2018 | H19: Běžný provoz | I19: =A19 -> Materiál | J19: =G19&"_"&H19&"_"&I19 -> 2018_Běžný provoz_Materiál | L19: Jiří Klíma | M19: 600
A20: Výdaje ostatní | D20: =-SUMIFS('Rozpočet - průběžný stav'!K:K,'Rozpočet - průběžný stav'!A:A,J20) -> 705 | E20: =B20-D20 -> -705 | G20: 2018 | H20: Běžný provoz | I20: =A20 -> Výdaje ostatní | J20: =G20&"_"&H20&"_"&I20 -> 2018_Běžný provoz_Výdaje ostatní
A21: Výdaje běžný provoz celkem | B21: =SUM(B12:B20) -> 57417 | D21: =SUM(D12:D20) -> 59488 | E21: =B21-D21 -> -2071
A22: Bilance běžný provoz | B22: =B10-B21 -> 1475 | D22: =D10-D21 -> 8621 | E22: =D22-B22 -> 7146
A24: Kapitola podpora činnosti | B24: Plán | C24: (původní 2017) | D24: Plnění | E24: Rozdíl | G24: Rok | H24: Skupina | I24: Kategorie | J24: Klíč
A25: Příjmy 2018
A26: Příjem Hamerák 2018 | G26: 2018 | H26: Hamerák-akce | I26: Hamerák finance | J26: =G26&"_"&H26&"_"&I26 -> 2018_Hamerák-akce_Hamerák finance
A27: Příjmy dotace | B27: =17000+5374-1100 -> 21274 | D27: =SUMIFS('Rozpočet - průběžný stav'!K:K,'Rozpočet - průběžný stav'!A:A,J27) -> 24816 | E27: =D27-B27 -> 3542 | G27: 2018 | H27: Podpora činnosti | I27: =A27 -> Příjmy dotace | J27: =G27&"_"&H27&"_"&I27 -> 2018_Podpora činnosti_Příjmy dotace
A28: Příjmy dary | B28: 0 | D28: =SUMIFS('Rozpočet - průběžný stav'!K:K,'Rozpočet - průběžný stav'!A:A,J28) -> 2000 | E28: =D28-B28 -> 2000 | G28: 2018 | H28: Podpora činnosti | I28: =A28 -> Příjmy dary | J28: =G28&"_"&H28&"_"&I28 -> 2018_Podpora činnosti_Příjmy dary
A29: Příjmy ostatní | D29: =SUMIFS('Rozpočet - průběžný stav'!K:K,'Rozpočet - průběžný stav'!A:A,J29) -> 250 | E29: =D29-B29 -> 250 | G29: 2018 | H29: Podpora činnosti | I29: =A29 -> Příjmy ostatní | J29: =G29&"_"&H29&"_"&I29 -> 2018_Podpora činnosti_Příjmy ostatní
A30: Příjmy podpora činnosti celkem | B30: =SUM(B25:B29) -> 21274 | D30: =SUM(D25:D29) -> 27066 | E30: =D30-B30 -> 5792
A32: Výdaje 2018
A33: Podpora ČPV | B33: 10000 | C33: 10000 | D33: =-SUMIFS('Rozpočet - průběžný stav'!K:K,'Rozpočet - průběžný stav'!A:A,J33)-1200 -> 3700 | E33: =B33-D33 -> 6300 | G33: 2018 | H33: Podpora činnosti | I33: =A33 -> Podpora ČPV | J33: =G33&"_"&H33&"_"&I33 -> 2018_Podpora činnosti_Podpora ČPV
A34: Podpora eskymáků | B34: 0 | C34: 1000 | D34: =-SUMIFS('Rozpočet - průběžný stav'!K:K,'Rozpočet - průběžný stav'!A:A,J34) -> 0 | E34: =B34-D34 -> 0 | G34: 2018 | H34: Podpora činnosti | I34: =A34 -> Podpora eskymáků | J34: =G34&"_"&H34&"_"&I34 -> 2018_Podpora činnosti_Podpora eskymáků
A35: Podpora výcviku záchrany | B35: 1500 | C35: 1500 | D35: =-SUMIFS('Rozpočet - průběžný stav'!K:K,'Rozpočet - průběžný stav'!A:A,J35) -> 0 | E35: =B35-D35 -> 1500 | G35: 2018 | H35: Podpora činnosti | I35: =A35 -> Podpora výcviku záchrany | J35: =G35&"_"&H35&"_"&I35 -> 2018_Podpora činnosti_Podpora výcviku záchrany
A36: Podpora zahraniční zájezd | B36: 4000 | C36: 3000 | D36: =-SUMIFS('Rozpočet - průběžný stav'!K:K,'Rozpočet - průběžný stav'!A:A,J36) -> 4000 | E36: =B36-D36 -> 0 | G36: 2018 | H36: Podpora činnosti | I36: =A36 -> Podpora zahraniční zájezd | J36: =G36&"_"&H36&"_"&I36 -> 2018_Podpora činnosti_Podpora zahraniční zájezd
A37: Oddílový den | B37: 3000 | C37: 1500 | D37: =-SUMIFS('Rozpočet - průběžný stav'!K:K,'Rozpočet - průběžný stav'!A:A,J37) -> 3000 | E37: =B37-D37 -> 0 | G37: 2018 | H37: Podpora činnosti | I37: =A37 -> Oddílový den | J37: =G37&"_"&H37&"_"&I37 -> 2018_Podpora činnosti_Oddílový den
A38: Oddílové vánoce | B38: 3000 | C38: 0 | D38: =-SUMIFS('Rozpočet - průběžný stav'!K:K,'Rozpočet - průběžný stav'!A:A,J38) -> 2450 | E38: =B38-D38 -> 550 | G38: 2018 | H38: Podpora činnosti | I38: =A38 -> Oddílové vánoce | J38: =G38&"_"&H38&"_"&I38 -> 2018_Podpora činnosti_Oddílové vánoce
A39: Oddílová soutěž | B39: 4800 | C39: 0 | D39: =-SUMIFS('Rozpočet - průběžný stav'!K:K,'Rozpočet - průběžný stav'!A:A,J39) -> 2999 | E39: =B39-D39 -> 1801 | G39: 2018 | H39: Podpora činnosti | I39: =A39 -> Oddílová soutěž | J39: =G39&"_"&H39&"_"&I39 -> 2018_Podpora činnosti_Oddílová soutěž
A40: Materiál | B40: 1000 | C40: 0 | D40: =-SUMIFS('Rozpočet - průběžný stav'!K:K,'Rozpočet - průběžný stav'!A:A,J40) -> 1048 | E40: =B40-D40 -> -48 | G40: 2018 | H40: Podpora činnosti | I40: =A40 -> Materiál | J40: =G40&"_"&H40&"_"&I40 -> 2018_Podpora činnosti_Materiál
A41: Hamerák výbor (večeře) | B41: 3000 | C41: 0 | D41: =-SUMIFS('Rozpočet - průběžný stav'!K:K,'Rozpočet - průběžný stav'!A:A,J41) -> 3000 | E41: =B41-D41 -> 0 | G41: 2018 | H41: Hamerák-akce | I41: Výbor večeře | J41: =G41&"_"&H41&"_"&I41 -> 2018_Hamerák-akce_Výbor večeře
A42: Hamerák ostatní výdaje | D42: =-SUMIFS('Rozpočet - průběžný stav'!K:K,'Rozpočet - průběžný stav'!A:A,J42) -> 3806 | E42: =B42-D42 -> -3806 | G42: 2018 | H42: Hamerák-akce | I42: Náklady příprava | J42: =G42&"_"&H42&"_"&I42 -> 2018_Hamerák-akce_Náklady příprava
A43: Výdaje podpora činnosti celkem | B43: =sum(B33:B42) -> 30300 | C43: =SUM(C33:C41) -> 17000 | D43: =sum(D33:D42) -> 24003 | E43: =B43-D43 -> 6297
A44: Bilance podpora činnosti | B44: =B30-B43 -> -9026 | D44: =D30-D43 -> 3063 | E44: =D44-B44 -> 12089
D46: =-SUMIFS('Rozpočet - průběžný stav'!K:K,'Rozpočet - průběžný stav'!A:A,J46) -> 0 | G46: 2018 | H46: Převody | I46: Převod z 2017 | J46: =G46&"_"&H46&"_"&I46 -> 2018_Převody_Převod z 2017 | K46: pro úplnost, ale částka by měla být nula
D47: =-SUMIFS('Rozpočet - průběžný stav'!K:K,'Rozpočet - průběžný stav'!A:A,J47) -> 0 | G47: 2018 | H47: Převody | I47: převod | J47: =G47&"_"&H47&"_"&I47 -> 2018_Převody_převod | K47: pro úplnost, ale částka by měla být nula
D48: =-SUMIFS('Rozpočet - průběžný stav'!K:K,'Rozpočet - průběžný stav'!A:A,J48) -> 0 | G48: 2018b | H48: Převody | I48: stav | J48: =G48&"_"&H48&"_"&I48 -> 2018b_Převody_stav | K48: pro úplnost, ale částka by měla být nula
A53: Rekapitulace | B53: Plán | C53: (původní 2017) | D53: Plnění | E53: Rozdíl
A54: Převod z 2017 | B54: =B2 -> 121759 | D54: =B54 -> 121759
A55: Příjmy běžný provoz | B55: =B10 -> 58892 | D55: =D10 -> 68109
A56: Příjmy podpora činnosti | B56: =B30 -> 21274 | D56: =D30 -> 27066
A57: Celkem příjmy 2018 | B57: =B55+B56 -> 80166 | D57: =D55+D56 -> 95175
A58: Výdaje běžný provoz | B58: =B21 -> 57417 | D58: =D21 -> 59488
A59: Výdaje podpora činnosti | B59: =B43 -> 30300 | D59: =D43 -> 24003
A60: Celkem výdaje 2018 | B60: =B58+B59 -> 87717 | D60: =D58+D59 -> 83491
A61: Bilance běžný provoz | B61: =B55-B58 -> 1475 | D61: =D55-D58 -> 8621 | F61: Příjmy příspěvky - výdaje běžný provoz
A62: Bilance podpora činnosti | B62: =B56-B59 -> -9026 | D62: =D56-D59 -> 3063 | F62: Příjmy Hamerák - výdaje podpora činnosti
A63: Bilance 2018 | B63: =B57-B60 -> -7551 | D63: =D57-D60 -> 11684
A64: Převod do 2019 | B64: =B54+B57-B60 -> 114208 | D64: =D54+D57-D60 -> 133443
A67: Stress test
A68: Zátěžový test: výsledek příštího roku bez příjmů z Hameráku | D68: (převod do 2019 mínus výdaje podpora činnosti v 2018 > 80.000?)
A69: Povinná rezerva | B69: 80000
A70: Podpora činnosti - výdaje | B70: =B59 -> 30300
A71: Převod do 2019 | B71: =B64 -> 114208 | D71: zátěžový test - výsledek konec 2018
A72: 2Y Stress test výsledek? | B72: =B71-B$70 -> 83908 | D72: zátěžový test - výsledek konec 2019
A73: 3Y Stress test výsledek? | B73: =B72-B$70 -> 53608 | D73: zátěžový test - výsledek konec 2020
A74: 4Y Stress test výsledek? | B74: =B73-B$70 -> 23308 | D74: zátěžový test - výsledek konec 2021
A75: Koeficient rezervy (v letech): | B75: =1+(B71-B69)/B70 -> 2.1289769

Sheet Rozpočet 2017
A1: Rozpočet OVT 2017 | C1: Plán | E1: Plnění | F1: Rozdíl
K2: 2016
A3: Příjmy 2017 | E3: aktuální k 19.2.2018 | F3: rozdíl | K3: Ahoj
A4: Příspěvky | B4: 44 800,00 Kč | C4: 44800 | E4: =58550 -> 58550 | K4: pro upřesnění posílám výsledek loňské soutěže.
A5: Krákorečné | B5: 16 100,00 Kč | C5: 16100 | D5: =SUM(C4:C5) -> 60900 | K5: Muži
A6: Krákorečné a nájmy TOM | B6: 3 792,00 Kč | C6: 3792 | D6: =C6 -> 3792 | E6: 11160 | K6: 1.Kopřiva
A7: Krákorečné celkem | B7: 19 892,00 Kč | C7: 19892 | K7: 2.Klíma
A8: Příspěvky celkem | B8: 64 692,00 Kč | C8: 64692 | D8: =D5+D6 -> 64692 | E8: =SUM(E4:E7) -> 69710 | F8: =E8-C8 -> 5018 | K8: 3.Matějka
A9: Sponzorské dary - firmy | E9: 2000
A10: Dotace ČSK (materiál) | E10: 8451
A11: Příjmy celkem | E11: =SUM(E8:E10) -> 80161
A12: Převod z roku 2016 | B12: 90 927,00 Kč | C12: 90927 | D12: =C12 -> 90927 | E12: 99427 | K12: Ženy
A13: Příjmy celkem | B13: 151 827,00 Kč | C13: 151827 | D13: =SUM(D8:D12) -> 155619 | E13: =SUM(E11:E12) -> 179588 | F13: =E13-C13 -> 27761 | K13: 1.Matějková
K14: 2.Hořejší
A15: Výdaje 2017 | D15: 1Q | K15: 3.Kostková.
A16: Interní nájmy krákorce | B16: 17 235,00 Kč | C16: 17235 | D16: =C16/4 -> 4308.75 | E16: =62224+768 -> 62992 | F16: =C16-E16 -> -45757 | K16: Nárok mají za rok 2016 na 1200, 1000, 800 Kč za první, druhé a třetí místo. Pro letošní rok jsou odměny snížené o 200 Kč.
A17: Interní nájmy ostatní | B17: 35 370,00 Kč | C17: 35370 | D17: =C17/4 -> 8842.5 | F17: =C17-E17 -> 35370 | K17: Jáchym
A18: Interní nájmy - srovnání TOM
A19: Interní nájmy celkem | B19: 52 605,00 Kč | C19: 52605 | D19: =C19/4 -> 13151.25 | E19: =E16+E17+E18 -> 62992 | F19: =C19-E19 -> -10387
A20: Oddílová soutěž | B20: 5 200,00 Kč | C20: 5200 | E20: 4200 | F20: =C20-E20 -> 1000
A21: Údržba vleků | B21: 2 000,00 Kč | C21: 2000 | E21: 1130 | F21: =C21-E21 -> 870
A22: Materiál (mimo Hamerák) | B22: 500 | C22: 500 | E22: 0 | F22: =C22-E22 -> 500
A23: Příspěvky ČSK | E23: =1420-1420 -> 0
A24: Běžný provoz celkem | B24: 60 305,00 Kč | C24: 60305 | E24: =SUM(E19:E23) -> 68322 | F24: =C24-E24 -> -8017
A26: Podpora ČPV | B26: 10 000,00 Kč | C26: 10000 | E26: 4000 | F26: =C26-E26 -> 6000
A27: Podpora eskymáků | B27: 1 000,00 Kč | C27: 1000 | E27: 1000 | F27: =C27-E27 -> 0
A28: Podpora výcviku záchrany | B28: 1 500,00 Kč | C28: 1500 | E28: 1500 | F28: =C28-E28 -> 0
A29: Podpora zahraniční zájezd | B29: 3 000,00 Kč | C29: 3000 | E29: 3000 | F29: =C29-E29 -> 0
A30: Kostlivci z 2016 (dotace zahr.z.) | E30: 5000 | F30: =C30-E30 -> -5000
A31: Oddílový den | B31: 1 500,00 Kč | C31: 1500 | E31: 2000 | F31: =C31-E31 -> -500
A32: Oddílové vánoce | E32: 3440 | F32: =C32-E32 -> -3440
A33: Nákup vybavení | E33: 8988 | F33: =C33-E33 -> -8988
A34: Podpora činnosti celkem | B34: 15 500,00 Kč | C34: =sum(C26:C33) -> 17000 | E34: =sum(E26:E33) -> 28928 | F34: =C34-E34 -> -11928
A36: Výdaje celkem | B36: 75 805,00 Kč | C36: 75805 | E36: =E34+E24 -> 97250 | F36: =C36-E36 -> -21445
A38: Rezerva | B38: 76 022,00 Kč | C38: 76022
A40: Rekapitulace
A41: Příjem 2017 - bez Hameráku | B41: 151 827,00 Kč | C41: =C8 -> 64692 | E41: =E11 -> 80161
A42: Převod z 2016 | C42: =C12 -> 90927 | E42: =E12 -> 99427
A43: Výdaj 2017 | B43: 75 805,00 Kč | C43: 75805 | E43: =E36 -> 97250 | F43: =E41-E43 -> -17089 | G43: V tomto jsou i výdaje, které pokrýváme příjmem Hameráku
A44: Výdaj 2017 - bez Dotací | E44: =E24 -> 68322 | F44: =E41-E44 -> 11839 | G44: Toto je čáska: příjmy příspěvky - nájmy a údržba
A45: Rezerva 2017 = převod 2018 | B45: 76 022,00 Kč | C45: 76022
A47: Rekapitulace ještě jednou s rozpadem na skupiny
A48: Převod z 2016 | C48: =C18 | E48: =E12 -> 99427
A49: Příjem příspěvky + ost | E49: =E8 -> 69710
A50: Příjem dotace, dary, atd. | E50: =E9+E10 -> 10451
A51: Příjem Hamerák 2017 | E51: 39421
A52: Příjmy včetně Hameráku | E52: =E49+E50+E51 -> 119582
A53: Výdaje běžný provoz | E53: =E24 -> 68322
A54: Výdaje podpora činnosti | E54: =E34 -> 28928
A55: Výdaje komplet OVT | E55: =E53+E54 -> 97250
A56: Bilance běžný provoz | E56: =E49-E53 -> 1388 | F56: Příjmy příspěvky - výdaje běžný provoz
A57: Bilance podpora činnosti | E57: =E50+E51-E54 -> 20944 | F57: Příjmy Hamerák - výdaje podpora činnosti
A58: Bilance 2017 | E58: =E52-E55 -> 22332
A59: Převod do 2018 | E59: =E48+E52-E55 -> 121759
C62: Plán | E62: Realita k 23.11.2017 (žluté jsou ještě plán / odhad)
F63: Rozdíly

Sheet Změny členská základna
A1: Noví členové - žádosti
A2: Klára Machová | B2: 42814 | C2: prý má loď v krakorcích a stane se členem
A3: Ouškatá | B3: 42816 | C3: má vyplněnou přihlášku, jen mi jí 22.3. nepředala; prý má také loď v krakorcích
A4: Kluk od Mencmiho | B4: 42816 | C4: byli 22.3. na bohemce, ozvou se mi mailem a někdy s námi někam pojedou
A5: Holka od Mencmiho | B5: 42816 | C5: byli 22.3. na bohemce, ozvou se mi mailem a někdy s námi někam pojedou
A8: Žádosti o ukonční
A9: Vojta Rabiňák | B9: 42789 | C9: bydlí v Hradci, neúčastní se | D9: ! má ještě loď v krakorcích !! Zelený raptor, měl by být vedle Evčinýho. | H9: už nemá (?)
A10: Lucka Lišková | B10: 42815 | C10: nejezdí
A11: Michal Záviška | B11: 42790 | C11: požádal o ukončení
A12: Tonda Čermák | B12: 42816 | C12: protože nejezdí. Zuzka zůstává
A13: Milan Kavan | B13: 42822 | C13: Změnil jsem lehce život a už jsem se dva roky žádné akce nezúčastnil.
A14: Světlana | B14: 42860 | C14: info od Jakuba
A20: Slevy | C20: celkové příspěvky
A21: Gábina V. | B21: leden 2017 | C21: 400 | D21: ekonomická situace
A22: Evka Kovářová | B22: 42806 | C22: 400 | D22: zdravotní situace
A23: Jiří Keller | B23: n | C23: 400 | D23: sleva za zásluhy asi, prostě to tak bylo (Hraboš)
A24: Eva Davídková | B24: n | C24: 0 | D24: zadarmo, čestná členka
A27: 2018
A28: Slevy
A29: Jiří Keller | B29: 43138 | C29: 400 | D29: sleva za zásluhy asi, prostě to tak bylo (Hraboš)
A30: Eva Davídková | B30: 43138 | C30: 0 | D30: zadarmo, čestná členka
A31: Eva Kovářová | B31: 43138
A32: Martin Karabec | B32: 43138 | C32: 400 | D32: odpuštěná brigáda

Sheet Postupy
A2: Jak získat výpis z účtu
A3: Nejlépe kontaktovat přímo Vojtu Seidla, nebo účetní je Vlasta Žebráková, ale nikdy jsem se jí nedovolal
A4: Vojta může poslat výpis z účtu i mailem - ale stejně to přehodí na Žebrákovou, tak zkusit mailem jí..
A6: Jak registrovat nové členy
A7: 1) ČSK - nějak v jejich systému... paní Pavelková
A8: 2) TJ - donést přihlášku na sekretariát / nebo nechat na vrátnici loděnice Podolí
A10: Jak zrušit registraci
A11: 1) ČSK - asi zase paní Pavelková TBDN
A12: 2) TJ - stačí info na sekretariát, třeba s přihláškami
A14: http://vt.kanoe.cz/?hledat=&oddil=024
A20: Dotace: | B20: · Podle kilometrů Otava (2500,-), Sázava (1000,-), Blanice (2000,-), Úhlava (2000,-), Teplá a střela (2500,-)
B22: · Částka určená na podporu ČPV se nemění (zůstává 10 000,-)
A24: Oddílová soutěž:

Sheet Účtenky
A1: Kdo | B1: Za co | C1: Datum | D1: Částka účtenka | E1: Proplaceno | F1: Mám elektronicky? | G1: Mám fyzicky? | H1: Pozn.
A2: Jáchym K | B2: Hamerák schody | C2: 42822 | E2: 4478 | H2: pozn.: Na Hameráku jsem od Jáchyma dostal obálku s účtenkami, zatím není doplněno
A3: Jáchym K | B3: Hamerák schody | C3: 42860 | D3: 190 | E3: 190 | F3: ano | G3: ano | H3: ve složce 2017
A4: Evka Matějková | B4: Helma (asi) + lékárna | C4: 42877 | D4: 2090 | E4: 1200 | F4: ano | G4: ne | H4: soutěž 2016
A5: Mára Veselý | B5: Eskymáky | C5: 42830 | D5: 5200 | E5: 1000 | G5: ano | H5: ve složce 2017
A6: Mára Veselý | B6: STK | C6: 42878 | D6: 800 | E6: 1100 | G6: ano | H6: 300 navíc brzdy
A7: Mára Veselý | B7: nálepka 80km | C7: 42878 | D7: 30 | E7: 30 | G7: ??
A8: Jáchym K | B8: barvy | C8: 42896 | D8: 1730 | E8: 1730 | F8: ano | G8: ano | H8: ve složce 2017
A9: Jáchym K | B9: Karbolka | C9: 42942 | D9: 1706 | E9: 1706 | F9: ano | G9: ne | H9: pozn.: Na Hameráku jsem od Jáchyma dostal obálku s účtenkami, zatím není doplněno
A10: Jáchym K | B10: šrouby | C10: 42942 | D10: 748 | E10: 748 | F10: ano | G10: ne | H10: pozn.: Na Hameráku jsem od Jáchyma dostal obálku s účtenkami, zatím není doplněno
A11: Jáchym K | B11: tmel | C11: 42942 | D11: 405 | E11: 405 | F11: ano | G11: ne | H11: pozn.: Na Hameráku jsem od Jáchyma dostal obálku s účtenkami, zatím není doplněno
A12: Ešus | B12: cesťák schody Hamerák | C12: 42948 | D12: 4394 | E12: 2613 | F12: ano | G12: ne
A13: Jakub Chochola | B13: dotace Sázava vyúčtování | C13: 42948 | D13: 2000 | E13: 2000 | F13: ano | G13: ne
A14: Bára Kostková | B14: dotace Roudnice vyúčtování | C14: 42926 | D14: 1500 | E14: 1500 | F14: ne | G14: ano | H14: ve složce 2017
A15: Majka Hořejší | B15: neopren | C15: 42982 | D15: 1210 | E15: 1000 | F15: ano | G15: ne | H15: soutěž 2016

Sheet Výbor hlasování
A1: Číslo | B1: Datum | C1: Otázka | D1: Tomík | E1: Ešus | F1: Jáchym | G1: Jakub | H1: Michal | I1: Evka | J1: Bundáš | K1: SUM A | L1: SUM B | M1: SUM C | N1: Poznámky
A2: 1 | B2: 43125 | C2: Souhlasím s 20% provizí každému, kdo sežene finančního sponzora pro oddíl (v průběhu roku, nebo pro Hamerák)? Formou slevy z příspěvků (do jejich výše). | D2: ano | E2: ano | F2: ano | H2: Ano | I2: ano | J2: Ano | N2: Mencmi: Souhlasím s výhradou - není to zbytečně moc? navrhuji 10% Tomík: Částku bych neomezoval do maximální výše příspěvků. Když někdo sežene dotaci 50 000,- proč mu nedát více než 800,-
A3: 2 | B3: 43125 | C3: Souhlasím s odpuštěním Tomíkovi neodpracovanou brigádu za 2017? | D3: ano | E3: ano | F3: ano | H3: ano | I3: ano | J3: ne | O3: DONE
A4: 3 | B4: 43125 | C4: Souhlasím s odpuštěním Mencmimu neodpracovanou brigádu za 2017? | D4: ano | E4: ano | F4: ano | H4: ano | I4: ano | J4: ne | O4: DONE
A5: 4 | B5: 43125 | C5: Souhlasím, že Eva Davídková bude mít do odvolání výjimku z příspěvků (nebude nic platit)? | D5: ne, "B" viz níže | E5: ano | F5: ano | H5: ne | I5: ano | J5: ano | N5: Tomík: Upřímně ani nevím kdo to je, proč evidujeme tzv. černé duše. Dal bych 400,- za rok ať prostě ten člověk ví že to není jen tak a 400 má každý.. i důchodce. => var. A (bez nutnosti brigády) | O5: DONE
A6: 5 | B6: 43125 | C6: Příspěvky Jirky Kellera: a. Bude mít do odvolání slevu 400 z příspěvků (a jinak platná pravidla včetně brigády)? b. Bude mít do odvolání slevu 400 z příspěvků a automaticky započítanou odpracovanou brigádu? c. Bude bez automatické výjimky. | D6: "B" | E6: B | F6: B | H6: C | I6: A | J6: B | O6: DONE
A7: 6 | B7: 43125 | C7: Příspěvky Evka Kovářová: a. Bude mít do odvolání slevu 400 z příspěvků (a jinak platná pravidla včetně brigády)? b. Bude mít do odvolání slevu 400 z příspěvků a automaticky započítanou odpracovanou brigádu? c. Bude bez automatické výjimky. | D7: "B" | E7: B | F7: B | H7: C | I7: A | J7: B | N7: Ešus: Evka stejně jako Keller pokud je v důchodu | O7: DONE
A8: 7 | B8: 43125 | C8: Souhlasím, že Gábina Vavřičková letos bude mít automatickou slevu, stejně jako vloni? | D8: ne | E8: ne | F8: ne | H8: ne | I8: ne | J8: ne | N8: Ešus: Rozhodování výboru, vyžadující hlasování, nejde dělat bez předcházející diskuze. Ovšem je třeba diskuzi včas ukončit, a vyhlásit hlasování, pak teprve můžeš vcelku rozumně hlasovat, ale tu diskuzi bych prostě omezil časem- třeba dva dny a pak předseda vyhlásí, anebo ten kdo zadal problém k řešení, hlasování. V případě remízy by měl platit hlas předsedy 2 x . | O8: DONE
A9: 8 | B9: 43125 | C9: Chci zavést formu hlasování tohoto typu do rozhodování výboru? | D9: ano | E9: ano | F9: ano | H9: ano | I9: ano | J9: ano
A10: 9 | B10: 43125 | C10: Chci psát svoje odpovědi na klíčové otázky výboru do sdílené google tabulky, kde budou už před mou odpovědí vidět odpovědi ostatních? | D10: ano | H10: ano | I10: ano | J10: ano
A11: 10 | B11: 43125 | C11: Chci psát svoje odpovědi na klíčové otázky výboru do formuláře, kde až po odeslání uvidím, jak kdo z ostatních členů výboru hlasoval? | D11: ne | H11: ne | I11: ne | J11: ne
A12: 11 | B12: 43131 | C12: Souhlasíte, aby Karábě dostal slevu formou odpuštění neodpracované brigády? | D12: ano | E12: ne | F12: ano | G12: ano | I12: ano | J12: ano
C15: Další hlasování a informace k výboru ZDE:
C16: https://docs.google.com/spreadsheets/d/1vdwbddPamS_0UOL-smhYBshcssR23vAklOgjIKziQ-M/edit?usp=sharing

Sheet _OVT_odkazy
A1: Sešit | B1: Správce | C1: Popis | D1: Odkaz
A2: OVT Finance | B2: Tomáš Bauer | C2: Přehled financí OVT, průběžné, roční plány, plnění | D2: https://docs.google.com/spreadsheets/d/1R2YB6v5965-Mc2dOhTTuFna0KWHik5YpvTAH5QouS8Q/edit?usp=sharing
A3: OVT Příspěvky | B3: Tomáš Bauer | C3: Tabulka se členy a přehledem příspěvků, včetně plnění | D3: https://docs.google.com/spreadsheets/d/1lx6nI87JFlcdVUSR4iVo3_OJIh3xd5aoKikaeBXB6VI/edit?usp=sharing
A4: OVT Krakorce | B4: Tomáš Bauer | C4: Tabulka s loděmi v krakorcích, popis lodí, majitelé | D4: https://docs.google.com/spreadsheets/d/1zlJTDRN7AkbIt7hJoxfJv_-az_dCEE_6FPN_axkWiYg/edit?usp=sharing
A5: OVT Přeúčtování s TOM | B5: Tomáš Bauer | C5: Podklady pro přeúčtování od TOM k nám | D5: OVT Přeúčtování s TOM
